section,title,url
THROWAWAY CONTACT,Onlinesim.net,https://onlinesim.net/
THROWAWAY CONTACT,DoNotPay Use a Temporary Phone Number To Protect Your Privacy,https://donotpay.com/learn/temporary-phone-number/
THROWAWAY CONTACT,VoIP Guide: VoIPSuite,https://inteltechniques.com/voip.suite.html
THROWAWAY CONTACT,Twilio CLI Guide,https://inteltechniques.com/voip.twilio.cli.html
THROWAWAY CONTACT,10minutemail.com,https://10minutemail.com/
THROWAWAY CONTACT,AnonAddy,https://anonaddy.com/
THROWAWAY CONTACT,SimpleLogin,https://simplelogin.io/
THROWAWAY CONTACT,MailDrop,https://maildrop.cc/
THROWAWAY CONTACT,Send text free,https://globfone.com/send-text/
THROWAWAY CONTACT,SendaText,https://www.sendatext.co/
THROWAWAY CONTACT,Free Fax,https://faxzero.com/
THROWAWAY CONTACT,Receive SMS Online,https://hs3x.com/
THROWAWAY CONTACT,Receive SMS Online for FREE,http://freesmsverification.com/
THROWAWAY CONTACT,Smstome.com,https://smstome.com
THROWAWAY CONTACT,Receive SMS Online For Free,https://hs3x.com/
THROWAWAY CONTACT,Amazon SNS,https://aws.amazon.com/sns/
THROWAWAY CONTACT,Twilio,https://www.twilio.com/
THROWAWAY CONTACT,One-time Mobile by @OsintStash,https://threader.app/thread/1199785692274077696
ID GENERATOR,Username Generator,https://www.lastpass.com/features/username-generator
ID GENERATOR,Fake Name Generator,https://www.fakenamegenerator.com/
ID GENERATOR,Resume Generator,https://thisresumedoesnotexist.com/
ID GENERATOR,International Name Generator,https://www.behindthename.com/random/
ID GENERATOR,Windows Phone IMEI Generator,https://wpimeigenerator.github.io/
ID GENERATOR,IMEI Number Generator,https://dyrk.org/tools/imei/
ID GENERATOR,US SSN / Driver License / State ID / Passport / Tax ID Generator,https://www.elfqrin.com/usssndriverlicenseidgen.php
ID GENERATOR,Washington State Driver's License Generator,https://mmarvick.github.io/wa-drivers-license/
ID GENERATOR,Fake Drivers License Generator,https://fakeinfo.net/drivers-license-generator
ID GENERATOR,This Rental Does Not Exist,https://thisrentaldoesnotexist.com/
ID GENERATOR,Face Photo Generator,https://thispersondoesnotexist.com/
ID GENERATOR,Random Face Generator,https://fakeinfo.net/random-face-generator
ID GENERATOR,Credit Card Generator,https://www.fakenamegenerator.com/credit-card-validator.php
ID GENERATOR,PIC/CIC Code Database,https://www.allredtech.com/
ID GENERATOR,SIN Generator,https://www.fakenamegenerator.com/social-insurance-number.php
ID GENERATOR,ABA Generator,https://www.fakenamegenerator.com/aba-validator.php
ID GENERATOR,VIN Generator,https://www.fakenamegenerator.com/vehicle-identification-number.php
ID GENERATOR,NINO Generator,https://www.fakenamegenerator.com/national-insurance-number.php
ID GENERATOR,SSN Generator,https://www.fakenamegenerator.com/social-security-number.php
ID GENERATOR,IID Generator by Georgy Bunin,https://georgybu.github.io/IID_Generator/
ID GENERATOR,GUID/UUID and short GUID generator,https://richardkundl.github.io/shortguid/
ID GENERATOR,Nano ID CC,https://zelark.github.io/nano-id-cc/
ID GENERATOR,Generate SA ID Numbers,https://chris927.github.io/generate-sa-idnumbers/
ID GENERATOR,Decoding Social Security Numbers,https://stevemorse.org/ssn/ssn.html
ID GENERATOR,Encoding and Decoding Driver's License Numbers,https://stevemorse.org/dl/dl.html
ID GENERATOR,Dating Profile Generator,https://www.dating-profile-generator.org.uk/
ID GENERATOR,Fake Identity ID Random Name Generator,https://www.elfqrin.com/fakeid.php
ID GENERATOR,Fake Company Name Generator,https://fakeinfo.net/company-name-generator
ID GENERATOR,Twitter Profile Generator,https://fakeinfo.net/fake-twitter-profile-generator
ID GENERATOR,Fake Tiktok Profile Generator,https://fakeinfo.net/fake-tiktok-profile-gererator
ID GENERATOR,Fake Youtube Channel Generator,https://fakeinfo.net/fake-youtube-channel-generator
ID GENERATOR,Resume Builder,https://vinaysomawat.github.io/Resume-Builder/
ID GENERATOR,Fake Generator Tools,https://fauxid.com/tools
SANDBOX / EMULATOR,Kasm Disposable Secure Browser or Desktop,https://kasmweb.com/
SANDBOX / EMULATOR,Bluestacks,https://www.bluestacks.com/
SANDBOX / EMULATOR,Genymotion,https://www.genymotion.com/
SANDBOX / EMULATOR,PrimeOS,https://www.primeos.in/
SANDBOX / EMULATOR,BigNox,https://www.bignox.com/
SANDBOX / EMULATOR,Memuplay.com,https://www.memuplay.com/
SANDBOX / EMULATOR,Ldplayer.net,https://www.ldplayer.net/
PRODUCTIVITY,unfurl,https://dfir.blog/unfurl/
PRODUCTIVITY,Wolfram|Alpha,https://www.wolframalpha.com/
PRODUCTIVITY,Cryptpad.fr,https://cryptpad.fr/
PRODUCTIVITY,Recontool.org,https://recontool.org/
PRODUCTIVITY,MindMup 2,https://app.mindmup.com/map/new
PRODUCTIVITY,Dotspotter Discover the tracking dots on a scanned document. Upload an image (600 dpi) of your print out. Dottspotter will try to detect the yellow dot code (MIC). See below for details. Results will be shown on this page.,https://www.forensicdots.de/
PRODUCTIVITY,Encrypted Pastebin,https://defuse.ca/pastebin.htm
PRODUCTIVITY,PrivateBin,https://privatebin.net/
PRODUCTIVITY,Bin.disroot.org,https://bin.disroot.org/
PRODUCTIVITY,Framadrop,https://framadrop.org/en/
PRODUCTIVITY,Pad.riseup.net,https://pad.riseup.net/
PRODUCTIVITY,EtherCalc,https://ethercalc.net/
PRODUCTIVITY,Proofread Bot,https://proofreadbot.com/
PRODUCTIVITY,Write.as,https://write.as/
PRODUCTIVITY,Cryptee,https://crypt.ee/
PRODUCTIVITY,dudle,https://dudle.inf.tu-dresden.de/anonymous/
PRODUCTIVITY,Airborn.io,https://www.airborn.io/
PRODUCTIVITY,ZOOM URL Generator,https://skyzh.github.io/zoom-url-generator/
PRODUCTIVITY,Tor2web,https://www.tor2web.org/
PRODUCTIVITY,archive.is,https://archive.is/
PRODUCTIVITY,Wayback Machine,https://web.archive.org/
PRODUCTIVITY,waybackpy,https://pypi.org/project/waybackpy/
PRODUCTIVITY,CachedPages,http://www.cachedpages.com/
PRODUCTIVITY,Google Cached Pages of Any Website,https://cachedview.com/
PRODUCTIVITY,Oldweb.today,http://oldweb.today/
PRODUCTIVITY,Unpaywall,https://unpaywall.org/products/extension
PRODUCTIVITY,DeepL DeepL trains artificial intelligence to understand and translate texts.,https://www.deepl.com/translator
PRODUCTIVITY,Project CSV Online & Offline CSV File Viewer & Editor,https://projectcsv.github.io/
PRODUCTIVITY,CSV to HTML,https://codepen.io/RYJASM/pen/LVEWgV
PRODUCTIVITY,Monaco Editor,https://microsoft.github.io/monaco-editor/playground.html
PRODUCTIVITY,Online FlowChart Editor Simplify documentation and avoid heavy tools. Open source Visio Alternative. Commonly used for explaining your code! Mermaid is a simple markdown-like script language for generating charts from tex...,https://mermaid-js.github.io/mermaid-live-editor/
PRODUCTIVITY,Markdown Editor,https://markdown-editor.github.io/
PRODUCTIVITY,SQL Editor,https://www.mycompiler.io/new/sql
PRODUCTIVITY,SQLite Viewer,https://inloop.github.io/sqlite-viewer/
PRODUCTIVITY,OCR Text Extractor,https://osint.sh/ocr/
PRODUCTIVITY,Wetranscriber,https://www.wetranscriber.com/
PRODUCTIVITY,Tophonetics.com,https://tophonetics.com/
PRODUCTIVITY,Google Translate,https://translate.google.com/
PRODUCTIVITY,Multi Translate,https://translate.mix.pink/
PRODUCTIVITY,Yandex.Translate,https://translate.yandex.com/
PRODUCTIVITY,Bing Microsoft Translator,https://www.bing.com/translator
PRODUCTIVITY,Reverso,https://www.reverso.net/text_translation.aspx?lang=EN
PRODUCTIVITY,Translate,https://www.translatedict.com/
PRODUCTIVITY,text to speech online,https://www.naturalreaders.com/online/
PRODUCTIVITY,TTSReader,https://ttsreader.com/
PRODUCTIVITY,Online Sequencer,https://onlinesequencer.net/
PRODUCTIVITY,FetchRSS,https://fetchrss.com/
PRODUCTIVITY,Sci-hub,https://sci-hub.st/
PRODUCTIVITY,Libgen.fun,https://libgen.fun/
PRODUCTIVITY,Z-lib.org,https://z-lib.org/
PRODUCTIVITY,PDF Drive,https://www.pdfdrive.com/
PRODUCTIVITY,arXiv.org,https://arxiv.org/
PRODUCTIVITY,bioRxiv.org,https://www.biorxiv.org/
PRODUCTIVITY,Project Gutenberg,https://www.gutenberg.org/
PRODUCTIVITY,Trantor.is,https://trantor.is/
PRODUCTIVITY,Shadowlibraries.github.io,https://shadowlibraries.github.io/
PRODUCTIVITY,Editor.typely.com,https://editor.typely.com/
FILE UPLOAD,MEGA,https://mega.io/
FILE UPLOAD,transfer.sh,https://transfer.sh/
FILE UPLOAD,Send,https://send.actionsack.com/
FILE UPLOAD,Keep.sh,https://keep.sh/
FILE UPLOAD,Upload | Disroot,https://disroot.org/en/services/upload
FILE UPLOAD,BlackHole,https://blackhole.run/
TOOLSET,CyberChef,https://gchq.github.io/CyberChef/
TOOLSET,mitaka,https://github.com/ninoseki/mitaka
TOOLSET,"Frack Frack is my attempt at creating an end-to-end solution to store, manage and query your breach data. The tool has got a very basic workflow making it easy to use.",https://github.com/sensepost/Frack
TOOLSET,pywhat,https://pypi.org/project/pywhat/
TOOLSET,"theHarvester theHarvester is a very simple, yet effective tool designed to be used in the early stages of a penetration test. Use it for open source intelligence gathering and helping to determine a company's external threat landscape on the internet",https://pypi.org/project/theHarvester/
TOOLSET,Online Tools,https://emn178.github.io/online-tools/
TOOLSET,Graphviz Online,https://dreampuf.github.io/GraphvizOnline/
TOOLSET,CodePen,https://codepen.io/
TOOLSET,Diceware Generator,https://www.rempe.us/diceware/#eff
TOOLSET,Checkphish.ai,https://checkphish.ai/
TOOLSET,x86 and x64 Intel Assembler,https://defuse.ca/online-x86-assembler.htm
TOOLSET,Big Number Calculator,https://defuse.ca/big-number-calculator.htm
TOOLSET,Text and File Hash Calculator,https://defuse.ca/checksums.htm
TOOLSET,HTML Sanitizer Tool,https://defuse.ca/html-sanitize.htm
TOOLSET,URL Decoder/Encoder,https://meyerweb.com/eric/tools/dencoder/
TOOLSET,ODA - The Online Disassembler,https://onlinedisassembler.com/odaweb/
TOOLSET,Disasm.pro,https://disasm.pro/
TOOLSET,Fotor,https://www.fotor.com/photo-editor-app/editor/basic
TOOLSET,Decompiler.com,http://www.decompiler.com/
TOOLSET,Google Colaboratory,https://colab.research.google.com/notebooks/intro.ipynb
TOOLSET,Compiler Explorer,https://godbolt.org/
TOOLSET,HTML editor,https://onlinehtmleditor.dev/
TOOLSET,Online Color Picker,https://colorpicker.me/
TOOLSET,Convert text to image file,https://text2image.com/en/
TOOLSET,relational algebra calculator,https://dbis-uibk.github.io/relax/calc/local/uibk/local/0
TOOLSET,Data Structure : Infix Postfix Prefix - Converter & Evaluator,https://raj457036.github.io/Simple-Tools/prefixAndPostfixConvertor.html
TOOLSET,"RSA encryption, decryption and prime calculator",https://canihavesomecoffee.github.io/js-rsa-tool/
TOOLSET,Tools.digitalmethods.net,https://tools.digitalmethods.net/beta/searchEngineScraper/
TOOLSET,Steganography Online,https://stylesuxx.github.io/steganography/
TOOLSET,Torrent to Magnet,https://nutbread.github.io/t2m/
TOOLSET,Anonymous YouTube Playlists,https://neverducky.github.io/anonymous-youtube-playlists/
TOOLSET,Vega Editor,https://vega.github.io/editor/#/
TOOLSET,DISA Code Template Generator,https://duncanford.github.io/disa-code-generator
TOOLSET,Canary Tokens,http://canarytokens.org/generate
TOOLSET,explainshell.com,https://explainshell.com/
TOOLSET,Google Colaboratory,https://colab.research.google.com/
TOOLSET,osint-cli-tool-skeleton,https://pypi.org/project/osint-cli-tool-skeleton/
HASH RECOVERY,CrackStation,https://crackstation.net
HASH RECOVERY,Hashmob Community,https://hashmob.net/search
HASH RECOVERY,Hashes.com,https://hashes.com/en/decrypt/hash
HASH RECOVERY,Online Password Hash Crack,https://www.onlinehashcrack.com/
HASH RECOVERY,Md5 Decrypt & Encrypt,https://md5decrypt.net/en/
HASH RECOVERY,MD5 reverse lookup,https://md5.gromweb.com/
HASH RECOVERY,Ultimate Hashing,https://md5hashing.net/
HASH RECOVERY,Hashes.org,https://hashes.org/search.php
DOWNLOADER,Media-downloader.net,https://media-downloader.net/
DOWNLOADER,Imgur Album Downloader,https://dschep.github.io/imgur-album-downloader/#/
DOWNLOADER,Export Comments,https://exportcomments.com/
DOWNLOADER,Image Extractor,https://extract.pics/
DOWNLOADER,Loader.to,https://loader.to/
DOWNLOADER,Commentexporter.com,https://www.commentexporter.com/
DOWNLOADER,Link Gopher,https://sites.google.com/site/linkgopher/
DOWNLOADER,Page Links Extractor Tool,https://shadowcrypt.net/tools/pagelinks
DOWNLOADER,Online Tool to Extract Links from any Web Page,https://hackertarget.com/extract-links/
PRIVACY / SECURITY,"Privacy Services by Michael Bazzell This is the third step of a three-step process to request, freeze, and remove your personal information from within data broker and credit reporting services.",https://inteltechniques.com/workbook.html
PRIVACY / SECURITY,Privacy Guides,https://privacyguides.org/
PRIVACY / SECURITY,Surveillance Self-Defense,https://ssd.eff.org/
PRIVACY / SECURITY,gofoss.net,https://gofoss.net/
PRIVACY / SECURITY,Consumer Reports Security Planner,https://securityplanner.consumerreports.org/
PRIVACY / SECURITY,Security in a Box,https://securityinabox.org/en/
PRIVACY / SECURITY,Counter-OSINT guide for Russians,https://github.com/soxoj/counter-osint-guide-ru
PRIVACY / SECURITY,"PRISM Break Opt out of global data surveillance programs like PRISM, XKeyscore and Tempora. Help make mass surveillance of entire populations uneconomical! We all have a right to privacy, which you can exercis...",https://prism-break.org/en/
PRIVACY / SECURITY,Security First - Umbrella,https://secfirst.org/umbrella/
PRIVACY / SECURITY,Matweb.info,https://matweb.info/
PRIVACY / SECURITY,Metacleaner.com,https://metacleaner.com/
PRIVACY / SECURITY,Image Scrubber,https://everestpipkin.github.io/image-scrubber/
PRIVACY / SECURITY,"View Exif data online, remove Exif online",http://www.verexif.com/en/
PRIVACY / SECURITY,Bitcoinprivacy.guide,https://bitcoinprivacy.guide/
PRIVACY / SECURITY,LocalBitcoins,https://localbitcoins.com/
PRIVACY / SECURITY,Localmonero.co,https://localmonero.co/
PRIVACY / SECURITY,Bitonic,https://bitonic.nl/en/
PRIVACY / SECURITY,Paxful,https://paxful.com/
PRIVACY / SECURITY,Speech Jammer,https://mynoise.net/NoiseMachines/audioJammerNoiseGenerator.php
PRIVACY / SECURITY,Stutterbox,https://www.stutterbox.co.uk/
PRIVACY / SECURITY,StegOnline,https://stegonline.georgeom.net/upload
PRIVACY / SECURITY,The Hitchhiker’s Guide to Online Anonymity,https://anonymousplanet.org/guide.html
SECURE COMMUNICATION,Signal,https://signal.org/
SECURE COMMUNICATION,Element,https://element.io/
SECURE COMMUNICATION,Briar,https://briarproject.org/
SECURE COMMUNICATION,Jami.net,https://jami.net/
SECURE COMMUNICATION,Jitsi Meet,https://meet.jit.si/
SECURE COMMUNICATION,Rocket.Chat,https://rocket.chat/
SECURE COMMUNICATION,Wire,https://wire.com/en/
SECURE COMMUNICATION,Nekogram.app,https://nekogram.app/
SECURE COMMUNICATION,Telegram,https://www.telegram.org/
SECURE COMMUNICATION,Brave Talk,https://talk.brave.com/
SECURE COMMUNICATION,The Tor Project,https://www.torproject.org/download/
SECURE COMMUNICATION,Brave Browser,https://brave.com/
SECURE COMMUNICATION,Psiphon,https://www.psiphon.ca/
SECURE COMMUNICATION,ProtonVPN,https://protonvpn.com/
SECURE COMMUNICATION,hide.me VPN,https://hide.me/en/
SECURE COMMUNICATION,AdGuard VPN,https://adguard-vpn.com/en/welcome.html
SECURE COMMUNICATION,I2P,https://geti2p.net/en/download
SECURE COMMUNICATION,VPN Services,https://privacyguides.org/providers/vpn/
SECURE COMMUNICATION,Browser Recommendations,https://privacyguides.org/browsers/
SECURE COMMUNICATION,Getsession.org,https://getsession.org/
RESOURCES,OH SHINT! Welcome Aboard,https://ohshint.gitbook.io/
RESOURCES,The Ultimate OSINT Collection,https://start.me/p/DPYPMz/the-ultimate-osint-collection
RESOURCES,OSINT Resources in Canada,https://start.me/p/aLe0vp/osint-resources-in-canada
RESOURCES,Nixintel's OSINT Resource List,https://start.me/p/rx6Qj8/nixintel-s-osint-resource-list
RESOURCES,FAROS OSINT Resources,https://start.me/p/1kvvxN/faros-osint-resources
RESOURCES,AML Toolbox,https://start.me/p/rxeRqr/aml-toolbox
RESOURCES,TI,https://start.me/p/rxRbpo/ti
RESOURCES,TOOLKIT,https://start.me/p/W1AXYo/toolkit
RESOURCES,Trouble Fake,https://start.me/p/QRQb0O/trouble-fake
RESOURCES,OSINT Is A State Of Mind,https://medium.com/secjuice/osint-as-a-mindset-7d42ad72113d
RESOURCES,sinwindie/OSINT,https://github.com/sinwindie/OSINT
RESOURCES,New Online Investigation (OSINT) Resources – IntelTechniques Blog,https://inteltechniques.com/blog/2019/04/09/new-online-investigation-osint-resources/
RESOURCES,Technisette,https://www.technisette.com/p/home
RESOURCES,OSINT Framework,https://osintframework.com/
RESOURCES,jivoi/awesome-osint,https://github.com/jivoi/awesome-osint
RESOURCES,START CARING STOP SHARING,https://medium.com/@Dutchosintguy/start-caring-stop-sharing-9c108d957b2c
RESOURCES,Osint Curious OSINT Resource List,https://docs.google.com/document/d/14li22wAG2Wh2y0UhgBjbqEvZJCDsNZY8vpUAJ_jJ5X8/edit
RESOURCES,OSINT Tools,https://www.osinttechniques.com/osint-tools.html
RESOURCES,OSINT tools for investigating websites,https://www.aware-online.com/en/osint-tools/website-tools/
RESOURCES,Shodan Cheat Sheet,https://thedarksource.com/shodan-cheat-sheet/
RESOURCES,Week in OSINT,https://sector035.nl/articles/category:week-in-osint
RESOURCES,Osint.team,https://osint.team/
RESOURCES,QueryTool,https://github.com/oryon-osint/querytool
RESOURCES,Investigating the source code of a website,https://www.aware-online.com/en/osint-tutorials/investigating-the-source-code-of-a-website/
RESOURCES,Find open FTP Servers,https://www.aware-online.com/en/osint-tutorials/find-open-ftp-servers/
RESOURCES,Choose your wallet,https://bitcoin.org/en/choose-your-wallet
RESOURCES,10 Minute Tips,https://osintcurio.us/10-minute-tips/
RESOURCES,Webint Master,https://webintmaster.com/
RESOURCES,DFIR Diva,https://dfirdiva.com/hooked-on-osint/
RESOURCES,Boolean Strings | Tools,https://booleanstrings.com/tools/
RESOURCES,osintme.com,https://www.osintme.com/
RESOURCES,Jake Creps,https://jakecreps.com/
RESOURCES,reKnowledge,https://www.reknowledge.tech/
RESOURCES,Bellingcat's Online Investigation Toolkit [bit.ly/bcattools],https://docs.google.com/spreadsheets/d/18rtqh8EG2q1xBo2cLNyhIDuK9jrPGwYr9DI2UncoqJQ/edit#gid=930747607
RESOURCES,@Ivan30394639 OSINT tools collection,https://cipher387.github.io/osint_stuff_tool_collection/
RESOURCES,The Top 132 Osint Open Source Projects,https://awesomeopensource.com/projects/osint
RESOURCES,30 best OSINT extensions for Google Chrome – osintme.com,https://www.osintme.com/index.php/2021/06/30/30-best-osint-extensions-for-google-chrome/
RESOURCES,Where Can I Find... - Free DFIR Related Training,https://freetraining.dfirdiva.com/where-can-i-find
RESOURCES,Awesome Deblurring,https://github.com/subeeshvasu/Awesome-Deblurring
RESOURCES,OSINT.SH,https://osint.sh/
RESOURCES,OSINT Techniques,https://www.osinttechniques.com/
RESOURCES,OSINT aka Atvirųjų šaltinių žvalgyba,https://blog.parakomanai.lt/osint-387e80bdc901
RESOURCES,CTI & OSINT Online Resources,https://docs.google.com/spreadsheets/d/1klugQqw6POlBtuzon8S0b18-gpsDwX-5OYRrB7TyNEw/edit#gid=0
RESOURCES,Emsisoft Decryptor for Avaddon,https://www.emsisoft.com/ransomware-decryption-tools/avaddon
RESOURCES,hwosint (@harrywald80),https://twitter.com/harrywald80
RESOURCES,Stefanie Proto 🔍 (@sprp77),https://twitter.com/sprp77
RESOURCES,Awesomelists.top,http://awesomelists.top/
RESOURCES,GitHub Awesome Search,https://github.motakasoft.com/awesome/
RESOURCES,Ph055a OSINT_Collection,https://github.com/Ph055a/OSINT_Collection
RESOURCES,MetaOSINT,https://metaosint.github.io/
RESOURCES,Osint.support,https://osint.support/
RESOURCES,Sprp77/My-Google-CSE,https://github.com/Sprp77/My-Google-CSE/blob/master/List%201
RESOURCES,How to Build an OSINT Super Machine for People Surveillance and Sourcing,https://outline.com/GZbkZA
RESOURCES,How to find anyone with an advanced LinkedIn People Search,https://nubela.co/blog/how-to-find-anyone-with-an-advanced-linkedin-people-search/
WEATHER,OpenWeatherMap,https://openweathermap.org/
WEATHER,Weather History & Data Archive,https://www.wunderground.com/history
WEATHER,World Temperatures — Weather Around The World,https://www.timeanddate.com/weather/
WEATHER,AccuWeather,https://www.accuweather.com
THREAT INTEL,Threatbutt,https://threatbutt.com/map/
THREAT INTEL,Cyberthreat Real-Time Map,https://cybermap.kaspersky.com/
THREAT INTEL,Live Cyber Attack Threat Map,https://www.checkpoint.com/ThreatPortal/livemap.html
THREAT INTEL,Digital Attack Map,https://www.digitalattackmap.com/
THREAT INTEL,Cyber Threat Map,https://www.fireeye.com/cyber-map/threat-map.html
THREAT INTEL,Bitdefender Threat Map,https://threatmap.bitdefender.com/
THREAT INTEL,Cyber Threat Intelligence,https://pulsedive.com/
THREAT INTEL,Cisco Talos Intelligence Group,https://talosintelligence.com/
THREAT INTEL,Fortinet Threat Map,https://threatmap.fortiguard.com/
THREAT INTEL,FortiGuard,http://www.fortiguard.com/
THREAT INTEL,ThreatMiner,https://www.threatminer.org/
THREAT INTEL,cymon,https://cymon.io/
THREAT INTEL,intelowlproject/IntelOwl,https://github.com/intelowlproject/IntelOwl
THREAT INTEL,Visualizing Global Internet Performance,https://www.akamai.com/us/en/solutions/intelligent-platform/visualizing-akamai/real-time-web-monitor.jsp
THREAT INTEL,THREAT MAP by LookingGlass,https://map.lookingglasscyber.com/
THREAT INTEL,NETSCOUT Cyber Threat Horizon,https://horizon.netscout.com/
THREAT INTEL,APTnotes,https://github.com/aptnotes/data
OTHER,https://cryptome.wikileaks.org/,https://cryptome.wikileaks.org/
OTHER,Nextstrain,https://nextstrain.org/
IDENTITY RESOLUTION,Clearbit [Registration],https://dashboard.clearbit.com/lookup
IDENTITY RESOLUTION,FullContact API [Registration],https://dashboard.fullcontact.com/login
IDENTITY RESOLUTION,Aeroleads.com [Registration],https://aeroleads.com/
RESOLVERS,Skype Resolver,http://www.skypeipresolver.net/index.php
RESOLVERS,PSN Resolver,https://playstationresolver.xyz/
RESOLVERS,Cloudflare Resolver,http://www.skypeipresolver.net/cloudflare.php
RESOLVERS,Cloudflare Resolver Tool,https://shadowcrypt.net/tools/cloudflare
RESOLVERS,Discord Resolver,https://www.leaked.site/index.php?resolver/discord.0/
RESOLVERS,Xboxresolver.com,https://xboxresolver.com/
ANALYTICS,SEO Resources Search Engine,https://cse.google.com/cse/publicurl?cx=005797772976587943970:i7q6z1kjm1w
ANALYTICS,Hashatit,https://www.hashatit.com/
ANALYTICS,Social Mentions,https://www.social-searcher.com/media-monitoring/
ANALYTICS,Social Trends,https://www.social-searcher.com/social-trends/
ANALYTICS,Mentionmapp Analytics,https://mentionmapp.com/
ANALYTICS,Anonymous Ad Preview Tool,https://ads.google.com/anon/AdPreview
ANALYTICS,Semrush,https://www.semrush.com/
ANALYTICS,Network Tool,https://osome.iu.edu/tools/networks/#/
ANALYTICS,Trends Tool,https://osome.iu.edu/tools/trends/#/
ANALYTICS,CoVaxxy,https://osome.iu.edu/tools/covaxxy
UNIFIED SEARCH,IntelTechniques OSINT,https://inteltechniques.com/tools/
UNIFIED SEARCH,SynapsInt,https://synapsint.com/
UNIFIED SEARCH,InfoTracer,https://infotracer.com/
UNIFIED SEARCH,MetaDefender,https://metadefender.opswat.com/
UNIFIED SEARCH,Username Search,https://usersearch.org/
UNIFIED SEARCH,SpyTox,https://www.spytox.com/
UNIFIED SEARCH,Effect Group,https://effectgroup.io/
UNIFIED SEARCH,osrframework,https://pypi.org/project/osrframework/
UNIFIED SEARCH,Google Custom Search,https://cse.google.com/cse?cx=017648920863780530960:lddgpbzqgoi
UNIFIED SEARCH,OSINT Search Engine,https://cse.google.com/cse/publicurl?cx=006290531980334157382:qcaf4enph7i
UNIFIED SEARCH,LinkScope Repository for the LinkScope Client software,https://github.com/AccentuSoft/LinkScope_Client
UNIFIED SEARCH,IOA,https://www.io-archive.org/
UNIFIED SEARCH,Criminal IP,https://www.criminalip.io/
PEOPLE,IDCrawl,https://www.idcrawl.com/
PEOPLE,WebMii,https://webmii.com/
PEOPLE,Tools,https://intelx.io/tools?tab=person
PEOPLE,TruePeopleSearch,https://www.truepeoplesearch.com/
PEOPLE,Free People Search,https://www.peoplefinder.com/
PEOPLE,fastpeoplesearch,https://fastpeoplesearch.com/
PEOPLE,Yandex People Search,https://yandex.ru/people
PEOPLE,FamilyTree,https://www.familytreenow.com/
PEOPLE,People Search,http://itools.com/search/people-search
PEOPLE,People Search Engine,https://cse.google.com/cse?cx=14db36e158cd791c0
PEOPLE,Dating Sites Search Engine,https://cse.google.com/cse?cx=c7b340447e1e12653
PEOPLE,"192 Search for People, Businesses & Places in the UK",https://www.192.com/
PEOPLE,International,https://www.infobel.com/
PEOPLE,People search Tool,https://www.aware-online.com/en/osint-tools/people-search-tool/
PEOPLE,PeekYou,https://www.peekyou.com/
PEOPLE,White Pages,https://www.whitepages.com/
PEOPLE,New Canada 411,https://www.canada411.ca/
PEOPLE,411,http://411.com/
PEOPLE,TruthFinder,https://www.truthfinder.com/
PEOPLE,zaba search,https://www.zabasearch.com/
PEOPLE,Thats them,https://thatsthem.com/
PEOPLE,People search,https://radaris.com/
PEOPLE,No.1 Free People Search,http://www.yasni.com/
PEOPLE,Gofindwho.com,https://gofindwho.com/
PEOPLE,xlek,https://xlek.com/
PEOPLE,Ufind.name,https://ufind.name/
USERNAME,WhatsMyName Web,https://whatsmyname.app/
USERNAME,Username Checker,https://analyzeid.com/username/
USERNAME,Username Search,https://www.idcrawl.com/username
USERNAME,Tools,https://intelx.io/tools?tab=username
USERNAME,maigret,https://pypi.org/project/maigret/
USERNAME,sherlock,https://github.com/sherlock-project/sherlock
USERNAME,socialscan,https://pypi.org/project/socialscan/
USERNAME,socid-extractor,https://pypi.org/project/socid-extractor/
USERNAME,social-analyzer,https://pypi.org/project/social-analyzer/
USERNAME,KnowEm,https://knowem.com/
USERNAME,Check Usernames,https://checkusernames.com/
USERNAME,Username Checker,https://checkuser.org/
USERNAME,Namechk,https://namechk.com/
USERNAME,Lullar Com,https://com.lullar.com/
USERNAME,SearchPOF.com,https://searchpof.com/
USERNAME,"OSINT Toolkit In order to use these tools, please enter the username into the relevant box below, excluding any prefixed @ or # symbols. N.B. any results for usernames are an approximation, as such, any negative results, especially in the case of searches relating to messaging apps (Kik, Snapchat, Whatsapp, etc), does not necessarily mean the username is not in use.",https://one-plus.github.io/EmailUsername
USERNAME,Username search tool,https://www.aware-online.com/en/osint-tools/username-search-tool/
USERNAME,snoop,https://github.com/snooppr/snoop
USERNAME,quidam Quidam allows you to retrieve information thanks to the forgotten password function of some sites.,https://pypi.org/project/quidam/
EMAIL,Identificator.space,https://identificator.space/
EMAIL,Epieos Email Lookup,https://epieos.com/
EMAIL,Intelligence X,https://intelx.io/tools?tab=email
EMAIL,holehe,https://pypi.org/project/holehe/
EMAIL,Infoga Infoga - Email OSINT. Contribute to m4ll0k/Infoga development by creating an account on GitHub.,http://github.com/m4ll0k/Infoga
EMAIL,email2phonenumber,https://github.com/martinvigo/email2phonenumber
EMAIL,Trumail,https://trumail.io/
EMAIL,Email Verifier,https://hunter.io/email-verifier
EMAIL,Verify Email,https://verify-email.org/
EMAIL,Reverse Whois,https://osint.sh/reversewhois/
EMAIL,Email Dossier,https://centralops.net/co/emaildossier.aspx
EMAIL,Email Format,https://www.email-format.com/
EMAIL,Email Header Analyzer,https://mxtoolbox.com/EmailHeaders.aspx
EMAIL,E-mail search tool,https://www.aware-online.com/osint-tools/e-mail-search-tool/
EMAIL,Proofy,https://proofy.io/
EMAIL,Email Permutator,http://metricsparrow.com/toolkit/email-permutator/
EMAIL,Phonebook.cz,https://phonebook.cz/
EMAIL,Email Breach Analysis,https://www.hotsheet.com/inoitsu/
EMAIL,Emailrep.io,https://emailrep.io/
EMAIL,Email Finder,https://osint.sh/email/
EMAIL,EmailHarvester,https://pypi.org/project/EmailHarvester/
EMAIL,"h8mail Email OSINT and password breach hunting. Use h8mail to find passwords through different breach and reconnaissance services, or the infamous Breached Compilation torrent",https://pypi.org/project/h8mail/
EMAIL,WhatBreach,https://github.com/Ekultek/WhatBreach
EMAIL,buster,https://github.com/sham00n/buster
EMAIL,Anymailfinder.com,https://anymailfinder.com/
EMAIL,ProtOSINT ProtOSINT is a Python script that helps you investigate ProtonMail accounts and ProtonVPN IP addresses.,https://github.com/pixelbubble/ProtOSINT
PHONE,IntelTechniques Telephone,https://inteltechniques.com/tools/Telephone.html
PHONE,PhoneInfoga,https://demo.phoneinfoga.crvx.fr
PHONE,Reverse Phone Lookup,https://www.idcrawl.com/phone
PHONE,ignorant,https://pypi.org/project/ignorant/
PHONE,PhoneInfoga,https://github.com/sundowndev/PhoneInfoga
PHONE,Moriarty-Project,https://github.com/AzizKpln/Moriarty-Project
PHONE,collector Collector is a tool OSINT (open source intelligence) and information gathering.,https://github.com/galihap76/collector
PHONE,Truecaller Search Engine,https://cse.google.com/cse?cx=c46b76bce1848d976
PHONE,Nuwber,https://nuwber.com/
PHONE,Who Called Me,https://www.whocalledme.com/
PHONE,Phone number search Tool,https://www.aware-online.com/en/osint-tools/phone-number-search-tool/
PHONE,Validnumber.com,https://validnumber.com/
PHONE,Reverse Phone Lookup,https://www.zlookup.com/
PHONE,Reverse Phone Lookup,https://www.reversephonecheck.com/
PHONE,Truecaller,https://www.truecaller.com/
PHONE,Phone Number Lookup Tool,https://shadowcrypt.net/tools/phone
PHONE,SYNC.me,https://sync.me/
PHONE,OpenCelliD,https://opencellid.org/
PHONE,CellTower Locator,http://www.cell2gps.com/
PHONE,Find GSM base stations cell id coordinates,https://cellidfinder.com/
PHONE,Phone Scoop,https://www.phonescoop.com/phones/
PHONE,GSM Arena,https://www.gsmarena.com/
PHONE,Fcc.io,http://fcc.io/
PHONE,"Oldphonebook.com white pages, free people search, phone directory number, historical phone book, historical white pages, old white pages, 1994,1995,1996,1997,1998,2001,2002,2003,2007,2008,background search, c...",http://www.oldphonebook.com/
PHONE,carrier lookup,https://www.carrierlookup.com/
PHONE,Free Reverse Phone Lookup Spy Dialer is the totally 100% seriously free reverse phone lookup used by millions of people. NO membership required! Have a missed call? Need to know whose number is it? Search now by phone numbe...,https://spydialer.com/default.aspx
PHONE,Phonerator,https://www.martinvigo.com/tools/phonerator/
SOCIAL MEDIA,SOCMINT,https://start.me/p/Wp1kpe/socmint
SOCIAL MEDIA,Hunt Intelligence,https://www.huntintel.io/
SOCIAL MEDIA,snscrape,https://pypi.org/project/snscrape/
SOCIAL MEDIA,Social Profiles Finder,https://www.social-searcher.com/search-users/
SOCIAL MEDIA,Who posted what?,https://whopostedwhat.com/
SOCIAL MEDIA,VK Search Engine,https://cse.google.com/cse?cx=f5e7cd4c6e33954ec
SOCIAL MEDIA,Skype Search Engine Skype Search Engine,https://www.skypli.com/
SOCIAL MEDIA,Vimeo search tool,https://www.aware-online.com/en/osint-tools/vimeo-search-tool/
SOCIAL MEDIA,Kribrum.io,https://kribrum.io/
SOCIAL MEDIA,Graphtreon.com,https://graphtreon.com/
SOCIAL MEDIA,Social Search Engine,https://www.socialsearchengine.org/
SOCIAL MEDIA,"Instagram, Reddit & Snapchat",https://one-plus.github.io/Instagram
SOCIAL MEDIA,Google to search profiles on Dribbble,https://recruitin.net/dribbble.php
SOCIAL MEDIA,Google to search profiles on Xing,https://recruitin.net/xing.php
SOCIAL MEDIA,OSINT & SOCMINT Tooling,https://osint.support/chrome-extensions/2019/09/29/osint-socmint-tooling.html
FACEBOOK,IntelTechniques Facebook,https://inteltechniques.com/tools/Facebook.html
FACEBOOK,Facebook Search Engine,https://cse.google.com/cse?cx=95ae46262a5f2958e
FACEBOOK,Facebook Photo Search Engine,https://cse.google.com/cse/publicurl?cx=013991603413798772546:jyvyp2ppxma
FACEBOOK,Facebook Scraped Data search,http://4wbwa6vcpvcr3vvf4qkhppgy56urmjcj2vagu2iqgp3z656xcmfdbiqd.onion.pet/
FACEBOOK,Facebook Search,https://www.sowsearch.info/
FACEBOOK,Facebook Search,https://www.social-searcher.com/facebook-search/
FACEBOOK,Facebook Video Downloader,https://fbdown.github.io/
FACEBOOK,Facebook Search Tool,https://www.aware-online.com/osint-tools/facebook-search-tool/
FACEBOOK,Find My Facebook ID,https://commentpicker.com/find-facebook-id.php
FACEBOOK,Facebook Geo,https://www.osintcombine.com/facebook-geo-pages
FACEBOOK,Facebook Friends List Generator,https://osint.support/chrome-extensions/2019/10/20/facebook-friends-list-generator.html
FACEBOOK,Facebook Entity Id Parser,https://osint.support/chrome-extensions/2019/09/08/facebook-entity-id-parser.html
FACEBOOK,Facebook Profile Id Grabber,https://osint.support/chrome-extensions/2019/09/01/facebook-profile-id-grabber.html
FACEBOOK,Facebook Email Reverse Lookup,https://osint.support/chrome-extensions/2019/09/01/facebook-email-reverse-lookup.html
FACEBOOK,Facebook Profile Directory,https://www.facebook.com/directory/
FACEBOOK,Have I Been Zucked?,https://haveibeenzucked.com/
TWITTER,IntelTechniques Twitter,https://inteltechniques.com/tools/Twitter.html
TWITTER,Nitter.hu,https://nitter.hu
TWITTER,Nitter.it,https://nitter.it
TWITTER,BirdHunt,https://birdhunt.co/
TWITTER,Nitter Instances,https://xnaas.github.io/nitter-instances/
TWITTER,twint,https://pypi.org/project/twint/
TWITTER,Twitter Search Engine,https://cse.google.com/cse?cx=5857bab69c8b8e37e
TWITTER,Tweet Finder,https://cse.google.com/cse/publicurl?cx=016621447308871563343:u4r_fupvs-e
TWITTER,Twitter Photo Search,https://cse.google.com/cse/publicurl?cx=006290531980334157382:_ltcjq0robu
TWITTER,Tweet Archive Search,https://cse.google.com/cse/publicurl?cx=005797772976587943970:kffjgylvzwu
TWITTER,Twitter Advanced Search,https://twitter.com/search-advanced
TWITTER,Twitter / Profiles Directory,https://twitter.com/i/directory/
TWITTER,TweetBeaver,https://tweetbeaver.com/
TWITTER,Twitter search tool,https://www.aware-online.com/en/osint-tools/twitter-search-tool/
TWITTER,Google to search profiles on Twitter,https://recruitin.net/twitter.php
TWITTER,Tweettioc.com,http://tweettioc.com/
TWITTER,Search Twitter Bios and Profiles,https://followerwonk.com/bio
TWITTER,The one million tweet map,https://onemilliontweetmap.com
TWITTER,Tweet Binder,https://www.tweetbinder.com/
TWITTER,Twitter Search,https://one-plus.github.io/Twitter
TWITTER,Twitter Monitoring,https://one-plus.github.io/TwitterMonitor
TWITTER,Thread Reader,https://threadreaderapp.com/
TWITTER,Search Twitter Users,https://pushshift.io/twitter-user-search/
TWITTER,Find Twitter Followers,http://searchfortweets1.com/
TWITTER,Getdewey.co,https://getdewey.co/
TWITTER,geosocial footprint,http://geosocialfootprint.com/
TWITTER,tweetmap,https://www.omnisci.com/demos/tweetmap
TWITTER,DoesFollow,https://doesfollow.com/
TWITTER,Sleeping Time,http://sleepingtime.org/
TWITTER,Twitter Analytics,https://foller.me/
TWITTER,Tweet Topic Explorer,http://tweettopicexplorer.neoformix.com
TWITTER,TruthNest,https://app.truthnest.com/
TWITTER,getdaytrends,https://getdaytrends.com/
TWITTER,Twitter Trending Hashtags and Topics,https://www.trendsmap.com/
TWITTER,Socialbearing,https://socialbearing.com/
TWITTER,Twiangulate: analyzing the connections between friends and followers,http://twiangulate.com/search/
TWITTER,First Tweet,http://ctrlq.org/first/
TWITTER,Twittertrails.com,http://twittertrails.com/
TWITTER,Download and Export Twitter Followers into Excel for Free,https://www.vicinitas.io/free-tools/download-twitter-followers
TWITTER,Simplescraper OSINT,https://airtable.com/shrceHfvukijgln9q/
YOUTUBE,Invidious Instances,https://docs.invidious.io/instances/
YOUTUBE,YouTube video upload time,https://www.aware-online.com/en/osint-tutorials/youtube-video-upload-time/
YOUTUBE,yt-dlp,https://pypi.org/project/yt-dlp/
YOUTUBE,youtube-dl,https://ytdl.actionsack.com/
YOUTUBE,Location Search,https://mattw.io/youtube-geofind/location
YOUTUBE,YouTube Metadata Bulk,https://mattw.io/youtube-metadata/bulk
YOUTUBE,Hadzy.com,https://hadzy.com/
YOUTUBE,Youtube channel ID,https://commentpicker.com/youtube-channel-id.php
YOUTUBE,Extract Meta Data YouTube,https://citizenevidence.amnestyusa.org/
YOUTUBE,Youtube Geo Search Tool,https://youtube.github.io/geo-search-tool/search.html
YOUTUBE,Youtube Channel Search,https://asif633.github.io/youtube-channel-search/
YOUTUBE,YouTube search tool,https://www.aware-online.com/en/osint-tools/youtube-search-tool/
YOUTUBE,Yout,https://yout.com/
YOUTUBE,YouTube Comment Finder,https://ytcomment.kmcat.uk/
YOUTUBE,"Youtube, Periscope, Twitch & Dailymotion",https://one-plus.github.io/Youtube
YOUTUBE,Unlistedvideos.com,https://unlistedvideos.com/
YOUTUBE,Youtube Comments Downloader,https://youtubecommentsdownloader.com/
REDDIT,teddit Reddit privacy frontend,https://teddit.net/
REDDIT,Reddit Search Search reddit using the pushshift.io API. For more advanced searches you can directly query the API fairly easily.,https://camas.unddit.com/
REDDIT,Karma Decay,http://karmadecay.com/
REDDIT,redditsfinder A command line program to easily download reddit users' post histories.,https://pypi.org/project/redditsfinder/
REDDIT,"SocialGrep Social media statistics for Reddit - popular communities, trending topics, and more",https://www.socialgrep.com/search
REDDIT,Reddit Search Tool,https://redditsearchtool.com/
REDDIT,Search Reddit,https://bmai.dev/reddit/
REDDIT,Reddit Archive,https://ihsoyct.github.io/
REDDIT,Chearch Pushshift Frontend,https://adhesivecheese.github.io/chearch/
REDDIT,NY Dolls.org USE: https://nydolls.org/author/REDDITOR,https://nydolls.org/author
REDDIT,Reveddit.com,https://www.reveddit.com/
REDDIT,Reddit Downloader,https://redditdownloader.github.io/
REDDIT,Redective,https://www.redective.com/
REDDIT,"Reddit_Persona A Python module to extract personality insights, sentiment & keywords from reddit accounts",https://github.com/n2itn/reddit_persona
REDDIT,Uncensor.cc,https://uncensor.cc/
REDDIT,Reddit Search Engine,https://cse.google.com/cse?cx=0728740ab68a619ba
REDDIT,Reddit Search Engine,https://cse.google.com/cse/publicurl?cx=017261104271573007538:bbzhlah6n4o
REDDIT,Reddit User Analyser,https://reddit-user-analyser.netlify.app/
REDDIT,reddit search,https://www.redditsearch.io/
REDDIT,Reddit search tool,https://www.aware-online.com/en/osint-tools/reddit-search-tool/
REDDIT,Pholder,https://pholder.com/
REDDIT,RedditMetis,https://redditmetis.com/
REDDIT,Search Reddit Comments by User,https://www.redditcommentsearch.com/
REDDIT,Reddit Investigator,https://www.redditinvestigator.com/
REDDIT,pushshift.io,https://pushshift.io
REDDIT,Pushshift API Guide,https://github.com/pushshift/api
REDDIT,Searcheddit,http://searcheddit.com/
REDDIT,Removeddit,https://removeddit.com/
REDDIT,Deaditarchive.netlify.app,https://deaditarchive.netlify.app/
REDDIT,Map of Reddit,https://anvaka.github.io/map-of-reddit/
REDDIT,reddit visualization,https://yasiv.com/reddit
REDDIT,ReSavr,https://www.resavr.com/
REDDIT,Redditle.com,https://redditle.com/
REDDIT,Libredd.it,https://libredd.it/
LINKEDIN,LinkedIn Search Easily use Google to search profiles on LinkedIn,https://recruitin.net/
LINKEDIN,LinkedIn X-Ray Search Tool,https://www.lisearcher.com/
LINKEDIN,LinkedProspect,https://linkedprospect.com/linkedin-boolean-search-tool/
LINKEDIN,LinkedIn Search Engine,https://cse.google.com/cse?cx=daaf18e804f81bed0
LINKEDIN,LinkedIn Search Engine (with Images),https://cse.google.com/cse?cx=40126f0af1aff84f8
LINKEDIN,Chartloop,https://buildorgchart.herokuapp.com/
LINKEDIN,Proxycurl,https://nubela.co/proxycurl/
LINKEDIN,"nqntnqnqmb Allows you to retrieve information on linkedin profiles, companies on linkedin and search on linkedin companies/persons",https://pypi.org/project/nqntnqnqmb/
LINKEDIN,LinkedIn Email Reverse Lookup,https://osint.support/chrome-extensions/2019/09/03/linkedin-email-reverse-lookup.html
GOOGLE,Google+ Photo Custom Search,https://cse.google.com/cse/publicurl?cx=006205189065513216365:uo99tr1fxjq
GOOGLE,GHunt,https://github.com/mxrch/GHunt
GOOGLE,Google Social Search,https://www.social-searcher.com/google-social-search/
GOOGLE,Google+ & LinkedIn,https://one-plus.github.io/G+Link
DISCORD,Discord User Search,https://discordhub.com/user/search
DISCORD,Discord Me,https://discord.me/
DISCORD,Enlarge Discord avatars,https://discordzoom.com/en/
DISCORD,"Discord History Tracker Discord History Tracker lets you save chat history in your servers, groups, and private conversations, and view it offline.",https://dht.chylex.com/
DISCORD,DiscordOSINT,https://github.com/atoncehussein/DiscordOSINT
DISCORD,DiscordServers,https://discordservers.com/
DISCORD,DISBOARD,https://disboard.org/
DISCORD,Discord Servers Portal,https://www.discordportal.com/
DISCORD,Discord ID Lookup,https://discord.id/
DISCORD,Discord Center,https://discord.center/
DISCORD,Discord Bots,https://discordbotlist.com/
DISCORD,Discord Bots,https://top.gg/
DISCORD,Discord Bots,https://discord.bots.gg/
TWITCH,TwitchTracker,https://twitchtracker.com/
TWITCH,Twitch.fckdmca.com,https://twitch.fckdmca.com/
TWITCH,Twitch Payout Search,https://sizeof.cat/project/twitch-payout-search/
TWITCH,Search for a Twitch channel,https://sullygnome.com/channelsearch
TWITCH,Searchstream.live,https://searchstream.live/
TWITCH,Twitch Tools View the follower list of any Twitch channel,https://twitch-tools.rootonline.de/
TWITCH,Username Availability,https://cactus.tools/twitch/username
TWITCH,Check channel badges,https://cactus.tools/twitch/badges
TWITCH,Check Twitch follow length,https://cactus.tools/twitch/followage
TWITCH,Twitch Following,https://cactus.tools/twitch/following
TWITCH,All Twitch Streamers Search,https://twitchstats.net/allstreamers
TWITCH,Twitchmetrics.net,https://www.twitchmetrics.net/
TWITCH,Twitch Username Search,https://twitchusernames.com/
INSTAGRAM,Bibliogram.art,https://bibliogram.art/
INSTAGRAM,Bibliogram,https://bib.actionsack.com/
INSTAGRAM,InstaHunt,https://instahunt.co/
INSTAGRAM,Instagram Deep Photo Search Engine,https://cse.google.com/cse?cx=017261104271573007538:ffk_jpt64gy
INSTAGRAM,Instagram analyzer and viewer,https://gramho.com/
INSTAGRAM,Find Instagram User ID,https://codeofaninja.com/tools/find-instagram-user-id/
INSTAGRAM,Instagram User ID,https://commentpicker.com/instagram-user-id.php
INSTAGRAM,Searchmy.bio,https://www.searchmy.bio/
INSTAGRAM,Statflux,http://statflux.com/
INSTAGRAM,Gramsize.com,https://gramsize.com/
INSTAGRAM,"toutatis It is a tool written to retrieve private information such as Phone Number, Mail Address, ID on Instagram accounts via API.",https://pypi.org/project/toutatis/
INSTAGRAM,"instalooter InstaLooter is a program that can download any picture or video associated from an Instagram profile, without any API access",https://pypi.org/project/instalooter/
INSTAGRAM,instaloader,https://pypi.org/project/instaloader/
INSTAGRAM,chatter internet monitoring osint telegram bot for windows,https://github.com/visualbasic6/chatter
INSTAGRAM,osi.ig,https://github.com/th3unkn0n/osi.ig
INSTAGRAM,Osintgram,https://github.com/Datalux/Osintgram
INSTAGRAM,SoIG,https://github.com/yezz123/SoIG
INSTAGRAM,yesitsme Simple OSINT script to find Instagram profiles by name and e-mail/phone,https://github.com/blackeko/yesitsme
INSTAGRAM,Instagram Location Search,https://github.com/bellingcat/instagram-location-search
TELEGRAM,Telegago Telegram Search Engine,https://cse.google.com/cse?&cx=006368593537057042503:efxu7xprihg#gsc.tab=0
TELEGRAM,Telegram Search,https://cse.google.com/cse?cx=004805129374225513871:p8lhfo0g3hg
TELEGRAM,Telegram Search. Search for posts,https://tgstat.com/search
TELEGRAM,Lyzem Blog,https://lyzem.com/
TELEGRAM,Search.buzz.im,https://search.buzz.im/
TELEGRAM,Telegram Usernames Finder,https://socialfinder.app/list/Telegram
TELEGRAM,Telegram Channels List,https://tlgrm.eu/channels
TELEGRAM,Readergram.com,https://readergram.com/
TELEGRAM,Ixgram,https://www.telegramgroup1.com/
TELEGRAM,Find Telegram Channels/Bots/Groups,https://xtea.io/ts_en.html
TELEGRAM,"Telegram Group: Find Telegram Channels, Bots & Groups",https://www.telegram-group.com/en/
TELEGRAM,TelegramDB.org,https://telegramdb.org/
TELEGRAM,Global Telegram Database,https://t.me/s/privatelinks
TELEGRAM,Telegram Search Engine,https://clickbee.me/Telegram-Search-Engine.html
TELEGRAM,Nekogram X The third-party Telegram android app,https://f-droid.org/packages/nekox.messenger/
TELEGRAM,telegram-phone-number-checker,https://github.com/bellingcat/telegram-phone-number-checker
SNAPCHAT,Ghostcodes.com,https://www.ghostcodes.com/
SNAPCHAT,Snap Map,https://map.snapchat.com/
SNAPCHAT,Snapdex,https://snapdex.com/
SNAPCHAT,SnapScraper SnapScraper is an open source intelligence tool which enables users to download media uploaded to Snapchat’s Snap Map using a set of latitude and longitiude co-ordinates.,https://rhematt.github.io/Snap-Scraper/
SNAPCHAT,snapmap-archiver,https://pypi.org/project/snapmap-archiver/
SNAPCHAT,Snapchat User Search,https://sovip.io/
SNAPCHAT,SnapChat Search (ENTER-USERNAME-HERE),https://feelinsonice.appspot.com/web/deeplink/snapcode?username=ENTER-USERNAME-HERE&size=400&type=SVG
MASTODON,Search.noc.social,https://search.noc.social/
MASTODON,Mastodon Search Engine,https://cse.google.com/cse?cx=334aec4c3c73ed945
TIKTOK,TIKTOK Search Engine,https://cse.google.com/cse?cx=011444696387487602669:aqf7d9w73om
TIKTOK,TikTok User Search,https://vidnice.com/search/
TIKTOK,TikTok downloader,https://tiktokd.com/
TIKTOK,TikTok hashtag analysis toolset,https://github.com/bellingcat/tiktok-hashtag-analysis
STEAM,Steam Community :: Search,https://steamcommunity.com/search/users/
STEAM,Steam ID Finder,https://steamidfinder.com/lookup/
STEAM,steamdb.info/calculator,https://steamdb.info/calculator/
CLUBHOUSE,Clubhouse Database,https://clubhousedb.com/
CLUBHOUSE,Rooms of Clubhouse,https://roomsofclubhouse.com/
CLUBHOUSE,ClubSearch -- search Clubhouse rooms,https://clubsearch.io/
ONLYFANS,Onlysearch.co,https://onlysearch.co/
ONLYFANS,OnlyFinder,https://onlyfinder.com/
ONLYFANS,Search OnlyFans profiles,https://hubite.com/onlyfans-search/
ONLYFANS,Fansmetrics.com,https://fansmetrics.com/
ONLYFANS,Findr.fans,https://findr.fans/
ONLYFANS,SimilarFans,https://similarfans.com/
BOT,Bot Sentinel Dashboard ‹ Bot Sentinel,https://botsentinel.com
BOT,Botometer by OSoMe Botometer® (formerly BotOrNot) checks the activity of Twitter accounts and gives them a score based on how likely they are to be bots. Higher scores are more bot-like. Brought to yo...,https://botometer.osome.iu.edu/
BOT,FollowerAudit,https://www.followeraudit.com/
BOT,Twitter Bot Checker,https://circleboom.com/twitter-management-tool/twitter-circle-tool/twitter-bot-checker
BOT,BotSlayer,https://osome.iu.edu/tools/botslayer
BLOG,Blogs Search Engine,https://cse.google.com/cse?cx=013991603413798772546:8c1g6f0frp8#gsc.tab=0
BLOG,WordPress Custom Search,https://cse.google.com/cse?cx=011081986282915606282:w8bndhohpi0
BLOG,WordPress Content Snatcher,https://cse.google.com/cse/publicurl?cx=011081986282915606282:w8bndhohpi0
BLOG,OSINT Blogs Search Engine,https://cse.google.com/cse?cx=fd4729049350a76d0
NEWS,News Search Engine,https://cse.google.com/cse?cx=013991603413798772546:fvmtax6anhd
NEWS,Mailing List Archives Search Engine,https://cse.google.com/cse/publicurl?cx=013991603413798772546:sipriovnbxq
NEWS,Google News,https://news.google.com/
NEWS,News Search,https://upstract.com/search
NEWS,Newslookup.com,http://newslookup.com/
NEWS,Welcome to Dealstrap!,http://correctsearch.com/
NEWS,Beautiful News,https://informationisbeautiful.net/beautifulnews/
NEWS,GoodGopher.com,https://goodgopher.com/
NEWS,Newsnow,https://www.newsnow.co.uk/
NEWS,Wintria,http://www.wintria.com/
NEWS,Mereku.com,https://mereku.com/
NEWS,Newspapers.com,https://www.newspapers.com/
NEWS,Newspaper Archive,https://www.gastearsivi.com/en/
NEWS,Talkwalker Google Alerts alternative. The best and free alerts service with Twitter results,https://www.talkwalker.com/alerts
NEWS,Google Alerts,https://www.google.com/alerts
NEWS,Paperball.news,https://paperball.news/
NEWS,Hoaxy: How claims spread online,https://hoaxy.osome.iu.edu/
NEWS,Snopes,https://www.snopes.com/?s=
NEWS,ReviewMeta,https://reviewmeta.com/
NEWS,Verification Handbook,https://datajournalism.com/read/handbook/verification-1
NEWS,Truth or Fiction,https://www.truthorfiction.com/
NEWS,Debunking False Stories Archives,https://www.factcheck.org/fake-news/
NEWS,Fact-Checking,https://reporterslab.org/fact-checking/
SEARCH ENGINES,IntelTechniques Search Engine,https://inteltechniques.com/tools/Search.html
SEARCH ENGINES,Google Advanced Search,https://www.google.com/advanced_search
SEARCH ENGINES,Searx,https://searx.info/
SEARCH ENGINES,Bing,https://www.bing.com/
SEARCH ENGINES,Yandex,https://yandex.com/
SEARCH ENGINES,MetaGer: Privacy Protected Search,https://metager3.de/en/
SEARCH ENGINES,Duck Duck Go,https://duckduckgo.com/
SEARCH ENGINES,Search Engines Index Search Engines in all countries in the world,https://www.searchenginesindex.com/
SEARCH ENGINES,carrot2,https://search.carrot2.org/#/search/web
SEARCH ENGINES,Qwant,https://www.qwant.com/
SEARCH ENGINES,Startpage,https://startpage.com/
SEARCH ENGINES,Mailing List Search,https://cse.google.com/cse/publicurl?cx=013991603413798772546:sipriovnbxq
SEARCH ENGINES,swisscows,https://swisscows.com/
SEARCH ENGINES,Crossref,https://search.crossref.org/
SEARCH ENGINES,Brave Search,https://search.brave.com/
SEARCH ENGINES,Mojeek,https://www.mojeek.com/
SEARCH ENGINES,Yahoo Search,https://search.yahoo.com/
SEARCH ENGINES,Baidu,https://www.baidu.com/
SEARCH ENGINES,Ecosia,https://www.ecosia.org/
SEARCH ENGINES,Dogpile,https://www.dogpile.com/
SEARCH ENGINES,Zoo Search,https://www.metacrawler.com/
SEARCH ENGINES,App Store and iTunes search engine,https://fnd.io/
SEARCH ENGINES,Ask,https://www.search.ask.com/
SEARCH ENGINES,ZorexEye,http://zorexeye.com/
SEARCH ENGINES,Yassen.com,http://yassen.com/
SEARCH ENGINES,Flippity,https://www.flippity.com/
SEARCH ENGINES,keys.openpgp.org,https://keys.openpgp.org/
SEARCH ENGINES,MIT PGP Key Server,https://pgp.mit.edu/
SEARCH ENGINES,Ipse.io,https://www.ipse.io/
SEARCH ENGINES,Ipfs-search.com,https://ipfs-search.com/#/search
SEARCH ENGINES,Debate.cards,http://debate.cards/
SEARCH ENGINES,Argumentsearch.com,http://argumentsearch.com/
SEARCH ENGINES,Meganzsearch.com,https://www.meganzsearch.com/
SEARCH ENGINES,Engine.presearch.org,https://engine.presearch.org/
SEARCH ENGINES,Blockscan.com,https://blockscan.com/
SEARCH ENGINES,Publc.com,https://publc.com/
SEARCH ENGINES,GoPit Search Engine - Home,https://www.gopit.com/socialsearch/index.php?type=Social
SEARCH ENGINES,The best document search engine,http://www.doc-txt.com/
SEARCH ENGINES,CachedViews.com,https://cachedviews.com/
SEARCH ENGINES,MAC Address Lookup,https://maclookup.app/
SEARCH ENGINES,sploitus,https://sploitus.com/
SEARCH ENGINES,https://vulmon.com/,https://vulmon.com/
SEARCH ENGINES,Vulnerability & Exploit Database,https://www.rapid7.com/db/
SEARCH ENGINES,Recon,http://recon222tttn4ob7ujdhbn3s4gjre7netvzybuvbq2bcqwltkiqinhad.onion.pet/
SEARCH ENGINES,Google & Bing,https://one-plus.github.io/GoogleBing
SEARCH ENGINES,Bookmarks,https://one-plus.github.io/Bookmarks
SEARCH ENGINES,Boardreader - Forum Search,https://boardreader.com/
SEARCH ENGINES,Libgen.rs,http://libgen.rs/
SEARCH ENGINES,Stacksearch,https://stacksear.ch/
SEARCH ENGINES,SearchTempest,https://www.searchtempest.com/
SEARCH ENGINES,2lingual,https://2lingual.com/
SEARCH ENGINES,SEQE - Search Engines Query Engine,https://seqe.me/
SEARCH ENGINES,Milled,https://milled.com/search
SEARCH ENGINES,btdig,https://btdig.com/
SEARCH ENGINES,Osint Open Source Projects,https://awesomeopensource.com/projects/osint
SEARCH ENGINES,Monster Crawler Search,http://monstercrawler.com/
SEARCH ENGINES,Arabo.com,http://arabo.com/
SEARCH ENGINES,Google Scholar,https://scholar.google.com/
SEARCH ENGINES,Million Short,https://millionshort.com/
SEARCH ENGINES,BeVigil,https://bevigil.com/
SEARCH ENGINES,WordPress.com,https://en.search.wordpress.com/
SEARCH ENGINES,Octosearch.dootech.com,https://octosearch.dootech.com/
SEARCH ENGINES,Search craigslist,http://searchcraigslist.org/
SEARCH ENGINES,Public AWS S3 & Azure Search,https://buckets.grayhatwarfare.com/
SEARCH ENGINES,Public Buckets,https://osint.sh/buckets/
SEARCH ENGINES,URL Shorteners Search,https://shorteners.grayhatwarfare.com/
SEARCH ENGINES,Mywoodle.com,https://mywoodle.com/
SEARCH ENGINES,Search Atlas,https://searchatlas.org/
SEARCH ENGINES,Google to search profiles on Stack Overflow,https://recruitin.net/stackoverflow.php
SEARCH ENGINES,Binparcel.com,https://binparcel.com/
GOOGLE CSE,Homepage Search Engine,https://cse.google.com/cse?cx=005797772976587943970:3tu7im1-rdg#gsc.tab=0
GOOGLE CSE,Amazon Cloud Search Engine,https://cse.google.com/cse?cx=005797772976587943970:g-6ohngosio#gsc.tab=0
GOOGLE CSE,Google CSE instances Search Engine,https://cse.google.com/cse?cx=009462381166450434430:vggeu3dhhgg#gsc.tab=0
GOOGLE CSE,Robots.txt Search Engine,https://cse.google.com/cse?cx=013991603413798772546:zu7epjqvunu
GOOGLE CSE,Short URL Search Engine,https://cse.google.com/cse?cx=017261104271573007538:magh-vr6t6g#gsc.tab=0
GOOGLE CSE,Wikispaces Search Engine,https://cse.google.com/cse/publicurl?cx=005797772976587943970:afbre9pr2ly
GOOGLE CSE,Dog Bites Search Engine,https://cse.google.com/cse?cx=partner-pub-8216357153102971:3267723418
GOOGLE CSE,Google Domain Hacker,https://cse.google.com/cse/publicurl?cx=005797772976587943970:ca2hiy6hmri
GOOGLE CSE,Google Drive Folder Search Engine,https://cse.google.com/cse/publicurl?cx=013991603413798772546:nwzqlcysx_w
GOOGLE CSE,Chrome Extension Archive Search Engine,https://cse.google.com/cse/publicurl?cx=000501358716561852263:h-5uyshsclq
GOOGLE CSE,Github with Awesome-List Search Engine,https://cse.google.com/cse/publicurl?cx=017261104271573007538:fqn_jyftcdq
GOOGLE CSE,Better Chrome Web Store Search Engine,https://cse.google.com/cse/publicurl?cx=006205189065513216365:pn3lumi80ne
GOOGLE CSE,App Store Custom Search Engine,https://cse.google.com/cse/publicurl?cx=006205189065513216365:aqogom-kfne
GOOGLE CSE,*.Google.com Hack Attack,https://cse.google.com/cse/publicurl?cx=017648920863780530960:lddgpbzqgoi
GOOGLE CSE,Search by FileType,https://cse.google.com/cse/publicurl?cx=013991603413798772546:mu-oio3a980
GOOGLE CSE,Search Engine Finder,https://cse.google.com/cse?cx=016621447308871563343:nyvaorurd5l
GOOGLE CSE,Mindmap Search Engine,http://cse.google.com/cse?cx=013991603413798772546:gj6rx9spox8#gsc.tab=0
GOOGLE CSE,Slack/Discord/Zoom Invites Search,https://cse.google.com/cse?cx=8e26eca532ec2cba3
GOOGLE CSE,Cloud Bucket Search Engine,https://cse.google.com/cse?cx=d80f8518b11b1438e
IMAGE / VIDEO / AUDIO / MEDIA,Facecheck.id,https://facecheck.id/
IMAGE / VIDEO / AUDIO / MEDIA,Google Images,https://images.google.com/
IMAGE / VIDEO / AUDIO / MEDIA,Yandex Images,https://yandex.com/images/
IMAGE / VIDEO / AUDIO / MEDIA,Bing Images,https://www.bing.com/images
IMAGE / VIDEO / AUDIO / MEDIA,"See it, search it Search the web using an image instead of text. Reverse image search engine. Search by image: Take a picture or upload one to find similar images and products. Identify landmarks, animals, even cele...",https://www.bing.com/visualsearch
IMAGE / VIDEO / AUDIO / MEDIA,Images Search Engine,https://cse.google.com/cse?cx=281566d4e61dcc05d
IMAGE / VIDEO / AUDIO / MEDIA,miniPaint,https://viliusle.github.io/miniPaint/
IMAGE / VIDEO / AUDIO / MEDIA,PimEyes,https://pimeyes.com/en/
IMAGE / VIDEO / AUDIO / MEDIA,TinEye,https://tineye.com/
IMAGE / VIDEO / AUDIO / MEDIA,Findclone,https://findclone.ru/
IMAGE / VIDEO / AUDIO / MEDIA,Tools,https://intelx.io/tools?tab=image
IMAGE / VIDEO / AUDIO / MEDIA,Image Raider,https://infringement.report/api/raider-reverse-image-search/
IMAGE / VIDEO / AUDIO / MEDIA,same.energy,https://same.energy/
IMAGE / VIDEO / AUDIO / MEDIA,Baidu,https://image.baidu.com/
IMAGE / VIDEO / AUDIO / MEDIA,Peteyvid.com,https://www.peteyvid.com/
IMAGE / VIDEO / AUDIO / MEDIA,Free Music Search,http://musgle.com/
IMAGE / VIDEO / AUDIO / MEDIA,Yahoo Image Search,https://images.search.yahoo.com/images
IMAGE / VIDEO / AUDIO / MEDIA,Photo Album Finder,https://cse.google.com/cse/publicurl?cx=013991603413798772546:bldnx392j6u
IMAGE / VIDEO / AUDIO / MEDIA,Search for Music Using Your Voice,https://www.midomi.com/
IMAGE / VIDEO / AUDIO / MEDIA,MyHeritage Photo Enhancer The MyHeritage Photo Enhancer uses deep learning technology to enhance photos by upscaling (increasing the resolution) the faces that appear in them. This produces exceptional results for historica...,https://www.myheritage.com/photo-enhancer
IMAGE / VIDEO / AUDIO / MEDIA,Neural network image super-resolution and enhancement,https://letsenhance.io/
IMAGE / VIDEO / AUDIO / MEDIA,SVG Editor,https://svg-edit.github.io/svgedit/
IMAGE / VIDEO / AUDIO / MEDIA,Pixsy,https://www.pixsy.com/
IMAGE / VIDEO / AUDIO / MEDIA,FotoForensics,https://fotoforensics.com/
IMAGE / VIDEO / AUDIO / MEDIA,Listen Notes,https://www.listennotes.com/
IMAGE / VIDEO / AUDIO / MEDIA,image identify,https://www.imageidentify.com/
IMAGE / VIDEO / AUDIO / MEDIA,EXIF Data Viewer,http://exifdata.com/
IMAGE / VIDEO / AUDIO / MEDIA,jimpl.com,https://jimpl.com/
IMAGE / VIDEO / AUDIO / MEDIA,Discover Podcasts Here!,https://podsearch.com/
IMAGE / VIDEO / AUDIO / MEDIA,Pictures,https://www.picsearch.com/
IMAGE / VIDEO / AUDIO / MEDIA,Background Removal Tool,https://photoscissors.com/
IMAGE / VIDEO / AUDIO / MEDIA,Museo,https://museo.app/
IMAGE / VIDEO / AUDIO / MEDIA,Diff Checker,https://www.diffchecker.com/image-diff/
IMAGE / VIDEO / AUDIO / MEDIA,Forensically,https://29a.ch/photo-forensics/#forensic-magnifier
IMAGE / VIDEO / AUDIO / MEDIA,Pictriev,http://pictriev.com/
IMAGE / VIDEO / AUDIO / MEDIA,facesaerch,http://www.facesaerch.com/
IMAGE / VIDEO / AUDIO / MEDIA,WhatTheFont,https://www.myfonts.com/WhatTheFont/
IMAGE / VIDEO / AUDIO / MEDIA,Sogou,https://pic.sogou.com/
IMAGE / VIDEO / AUDIO / MEDIA,Pixabay,https://pixabay.com/images/search/
IMAGE / VIDEO / AUDIO / MEDIA,tidder.xyz,http://tidder.xyz/
IMAGE / VIDEO / AUDIO / MEDIA,hue.tools,https://hue.tools/
LICENSE PLATE / VIN / VEHICLE,Plate Recognizer,https://platerecognizer.com/
LICENSE PLATE / VIN / VEHICLE,License Plates of the World,http://www.worldlicenseplates.com/
LICENSE PLATE / VIN / VEHICLE,VIN decoder,http://www.vindecoderz.com/
LICENSE PLATE / VIN / VEHICLE,Poctra.com,https://poctra.com/
LICENSE PLATE / VIN / VEHICLE,FAXVIN,https://www.faxvin.com/
LICENSE PLATE / VIN / VEHICLE,AutoCheck,https://www.autocheck.com/
LICENSE PLATE / VIN / VEHICLE,VIN Lookup,https://thatsthem.com/vin-lookup
LICENSE PLATE / VIN / VEHICLE,VINCheck®,https://www.nicb.org/vincheck
LICENSE PLATE / VIN / VEHICLE,Autogespot,https://www.autogespot.us/spots
LICENSE PLATE / VIN / VEHICLE,Nomerogram.ru,https://www.nomerogram.ru/
LICENSE PLATE / VIN / VEHICLE,COSINT – OSINT on Cars,https://osintcurio.us/2021/02/17/cosint-osint-on-cars/
LICENSE PLATE / VIN / VEHICLE,🚗License Plates in Canada 🇨🇦,https://www.google.com/maps/d/viewer?mid=1zXYL2BF2MByEduLzYN5brVnli9J3cIlv
LICENSE PLATE / VIN / VEHICLE,Carnet.ai,https://carnet.ai/
LICENSE PLATE / VIN / VEHICLE,Car/Vehicle Model Recognition Online,https://carmodel.toolpie.com/
LICENSE PLATE / VIN / VEHICLE,Tools,https://intelx.io/tools?tab=vin
LICENSE PLATE / VIN / VEHICLE,VIN Check Reports,https://vincheck.info/check/vin-check.php
LICENSE PLATE / VIN / VEHICLE,VIN Decoder,https://vindecoder.pl/
LICENSE PLATE / VIN / VEHICLE,autodna,https://www.autodna.com/
LICENSE PLATE / VIN / VEHICLE,VIN decoder,https://www.vindecoder.net/
LICENSE PLATE / VIN / VEHICLE,Orto.website,https://orto.website/
LICENSE PLATE / VIN / VEHICLE,Europlates.eu,https://www.europlates.eu/
LICENSE PLATE / VIN / VEHICLE,How's My Driving NY,https://www.howsmydrivingny.nyc/
LICENSE PLATE / VIN / VEHICLE,Deciphering Number Plates,https://www.skoda-storyboard.com/en/series/deciphering-number-plates/
LICENSE PLATE / VIN / VEHICLE,VIN Decoder & Lookup,https://driving-tests.org/vin-decoder/
LICENSE PLATE / VIN / VEHICLE,Check Any VIN,https://www.vehiclehistory.com/license-plate-search
LICENSE PLATE / VIN / VEHICLE,Partial Number Plate Search,https://www.partialnumberplate.co.uk/
LICENSE PLATE / VIN / VEHICLE,License Plate Lookup,https://www.searchquarry.com/free-license-plate-number-lookup/
LICENSE PLATE / VIN / VEHICLE,Vehicle Enquiry,https://vehicleenquiry.service.gov.uk/?locale=en
LICENSE PLATE / VIN / VEHICLE,Number Plate Check,https://www.checkcardetails.co.uk/number-plate-check
LICENSE PLATE / VIN / VEHICLE,License Plate Lookup,https://findbyplate.com/
FLIGHT TRACKER,FlightAirMap,https://www.flightairmap.com/
FLIGHT TRACKER,ADS-B Exchange,https://globe.adsbexchange.com/
FLIGHT TRACKER,Icarus.flights,https://icarus.flights/
FLIGHT TRACKER,FlightAware,https://flightaware.com/
FLIGHT TRACKER,Flightradar24,https://www.flightradar24.com/
FLIGHT TRACKER,Live Air Traffic Control,https://www.liveatc.net/
FLIGHT TRACKER,Planespotters.net,https://www.planespotters.net/
FLIGHT TRACKER,Skyscanner,https://www.skyscanner.com/
FLIGHT TRACKER,RadarBox,https://www.radarbox.com/
FLIGHT TRACKER,ICAO Civil and Military airspace SUASHP,https://www.arcgis.com/apps/webappviewer/index.html?id=5db021bcb221498f81be055b3e238bf8
MARITIME,Marine Traffic MarineTraffic Live Ships Map. Discover information and vessel positions for vessels around the world. Search the MarineTraffic ships database of more than 550000 active and decommissioned vessels. ...,https://www.marinetraffic.com/
MARITIME,VesselFinder,https://www.vesselfinder.com/
MARITIME,FlightAirMap,https://www.flightairmap.com/
MARITIME,OSINT on the Ocean,https://wondersmithrae.medium.com/osint-on-the-ocean-maritime-intelligence-gathering-techniques-2ee39e554fe1
MARITIME,ShipAIS.uk,https://shipais.uk/
MARITIME,FleetMon,https://www.fleetmon.com/
MARITIME,AIS Ships Map,https://www.shipfinder.com/Monitor/Index
MARITIME,Ais.boatnerd.com,https://ais.boatnerd.com/
MARITIME,Live Cruise Ship Tracker,https://www.livecruiseshiptracker.com/
MARITIME,ShippingExplorer,https://www.shippingexplorer.net/en/map
MARITIME,SUBMARINE TRACKER,https://www.marinevesseltraffic.com/submarine-vessels-tracking-map
MARITIME,Maritime Awareness Project,https://map.nbr.org/interactivemap/
MARITIME,Shipping Database,https://theshippingdatabase.com/
MARITIME,Crewlist.org.uk,https://www.crewlist.org.uk/#Data
MARITIME,Live Piracy Map,https://www.icc-ccs.org/piracy-reporting-centre/live-piracy-map
MARITIME,Military Ship Tracker,https://www.marinevesseltraffic.com/2013/02/military-ship-track.html
MARITIME,Container Tracking,http://container-tracking.org/
MARITIME,Container tracking,https://www.track-trace.com/container
MARITIME,Maersk Tracking,https://www.maersk.com/tracking/
DORKING,DorkSearch,https://dorksearch.com/
DORKING,Google Dork Cheatsheet,https://github.com/robyfirnandoyusuf/Google-Dork-Cheatsheet
DORKING,Google Hacking Database,https://www.exploit-db.com/google-hacking-database
DORKING,theHarvester,https://pypi.org/project/theHarvester/
DORKING,metagoofil metagoofil searches Google for specific types of files being publicly hosted on a web site and optionally downloads them to your local box.,https://github.com/opsdisk/metagoofil
DORKING,webdork A Python tool to automate some dorking stuff to find information disclosures.,https://github.com/HACKE-RC/webdork
DORKING,ATSCAN,https://github.com/AlisamTechnology/ATSCAN
DORKING,pagodo automates Google searching for potentially vulnerable web pages and applications on the Internet.,https://github.com/opsdisk/pagodo
OPEN DIRECTORY,FilePhish,https://cartographia.github.io/FilePhish/
OPEN DIRECTORY,Open Directory Finder,https://odfinder.github.io/
OPEN DIRECTORY,Filetype search tool,https://www.aware-online.com/en/osint-tools/filetype-search-tool/
OPEN DIRECTORY,Opendirsearch.abifog.com,https://opendirsearch.abifog.com/
OPEN DIRECTORY,Archive-it.org,https://archive-it.org/
OPEN DIRECTORY,Odcrawler.xyz,https://odcrawler.xyz/
OPEN DIRECTORY,Google Docs CSE,https://cse.google.com/cse/publicurl?cx=013991603413798772546:rse-4irjrn8#gsc.tab=0
OPEN DIRECTORY,Documents Search Engine,https://cse.google.com/cse?cx=e6756edc507bcfa91
OPEN DIRECTORY,Cybersec Documents Search Engine,https://cse.google.com/cse?cx=013991603413798772546:ekjmizm8vus#gsc.tab=0
OPEN DIRECTORY,GoogleDrive Search Engine,https://cse.google.com/cse?cx=c64ba311eb8c31896
OPEN DIRECTORY,SlideShare Search Engine,https://cse.google.com/cse?cx=465eeeb114c7f523f
OPEN DIRECTORY,Document Search,https://one-plus.github.io/DocumentSearch
OPEN DIRECTORY,FONETASK,http://fonetask.com/
OPEN DIRECTORY,Web archive search tool,https://www.aware-online.com/osint-tools/web-archive-search-tool/
OPEN DIRECTORY,Pdfsearch.io,https://www.pdfsearch.io/
OPEN DIRECTORY,awesome-public-datasets,https://github.com/awesomedata/awesome-public-datasets
OPEN DIRECTORY,Drivesearch.kwebpia.net,http://drivesearch.kwebpia.net/
OPEN DIRECTORY,Filepursuit.com,https://filepursuit.com/
OPEN DIRECTORY,Filechef.com,https://www.filechef.com/
OPEN DIRECTORY,Open Directory Search,http://eyeofjustice.com/od/
OPEN DIRECTORY,Mamont's open FTP Index,https://www.mmnt.net/
OPEN DIRECTORY,LENDX,http://lendx.org/
OPEN DIRECTORY,Direct Download Almost Anything,https://ewasion.github.io/opendirectory-finder/
DATASET,Data Sets - OH SHINT,https://ohshint.gitbook.io/oh-shint-its-a-blog/osint-web-resources/data-sets
DATASET,Datasetsearch.research.google.com,https://datasetsearch.research.google.com/
DATASET,Kaggle,https://www.kaggle.com/search?q=
DATASET,Databasd,https://databasd.com/
DATASET,Data.gov,https://www.data.gov/
DATASET,data.world,https://data.world/
DATASET,BigQuery public datasets,https://cloud.google.com/bigquery/public-data/
DATASET,Ariadne2.isti.cnr.it,http://ariadne2.isti.cnr.it/
DATASET,DSC Data Science Search Engine,https://www.datasciencecentral.com/page/search
DATASET,Datasetlist.com,https://www.datasetlist.com/
DATASET,Search Datasets,https://datahub.io/search
DATASET,OpenData by Socrata,https://opendata.socrata.com/
DATASET,Opensanctions.org,https://opensanctions.org/
DATASET,FiveThirtyEight,https://fivethirtyeight.com/?s=
SOURCE CODES,Pastes Search Engine,https://cse.google.com/cse?cx=661713d0371832a02
SOURCE CODES,Pastes Search Engine 2,https://cse.google.com/cse?cx=006896442834264595052:fawrl1rug9e
SOURCE CODES,GitHub Search Engine,https://cse.google.com/cse?cx=1b053c8ec746d6611
SOURCE CODES,Source Code Search Engine,https://publicwww.com/
SOURCE CODES,Google to search profiles on GitHub,https://recruitin.net/github.php
SOURCE CODES,Grep.app Search across a half million git repos,https://grep.app/
SOURCE CODES,NerdyData,https://www.nerdydata.com/
SOURCE CODES,Paste Search,https://psbdmp.ws/
SOURCE CODES,GitHub Code Search,https://github.com/search
SOURCE CODES,Bitbucket Repo Search,https://bitbucket.org/repo/all/
SOURCE CODES,"Shhgit We help secure forward-thinking development, operations, and security teams by finding secrets across their code before it leads to a security breach.",https://github.com/eth0izzle/shhgit
SOURCE CODES,git-hound,https://github.com/tillson/git-hound
SOURCE CODES,Webfinery | Source Code Search,https://webfinery.com/search
SOURCE CODES,Online IDE and Paste Search Engine,https://redhuntlabs.com/online-ide-search
SOURCE CODES,searchcode Search 75 billion lines of code from 40 million projects,https://searchcode.com/
SOURCE CODES,Sourcegraph,https://about.sourcegraph.com/
SOURCE CODES,Awesome Open Source,https://awesomeopensource.com/
SOURCE CODES,Awesome-indexed,http://awesome-indexed.mathew-davies.co.uk/
SOURCE CODES,Awesomelists.top,http://dev.awesomelists.top/#/
SOURCE CODES,Zen,https://github.com/s0md3v/Zen
SOURCE CODES,GitDorker,https://github.com/obheda12/GitDorker
WHOIS,WHOIS Service,https://whoismind.com/
WHOIS,Whois Search,https://webwhois.verisign.com/webwhois-ui/index.jsp?language=en_US
WHOIS,Who.is,https://who.is/
WHOIS,Whoxy,https://www.whoxy.com/
WHOIS,Whois History,https://osint.sh/whoishistory/
DOMAIN / IP / DNS,domainbigdata,https://domainbigdata.com/
DOMAIN / IP / DNS,Domain Codex,https://www.domaincodex.com/search.php
DOMAIN / IP / DNS,dnslytics,https://dnslytics.com/
DOMAIN / IP / DNS,SecurityTrails,https://securitytrails.com/
DOMAIN / IP / DNS,Shodan,https://shodan.io
DOMAIN / IP / DNS,Internetdb.shodan.io,https://internetdb.shodan.io/
DOMAIN / IP / DNS,GreyNoise Intelligence,https://www.greynoise.io/viz/
DOMAIN / IP / DNS,FOFA,https://fofa.so/
DOMAIN / IP / DNS,zoomeye,https://www.zoomeye.org/
DOMAIN / IP / DNS,Censys,https://censys.io/domain
DOMAIN / IP / DNS,ViewDNS.info,https://viewdns.info/
DOMAIN / IP / DNS,Internet Census 2012,http://census2012.sourceforge.net/paper.html
DOMAIN / IP / DNS,ONYPHE,https://www.onyphe.io/
DOMAIN / IP / DNS,IPLeak,https://ipleak.net/
DOMAIN / IP / DNS,Censys Certificates,https://censys.io/certificates
DOMAIN / IP / DNS,Censys IPv4,https://censys.io/ipv4
DOMAIN / IP / DNS,ViewDNS.info,https://viewdns.info/
DOMAIN / IP / DNS,Robtex,https://www.robtex.com/
DOMAIN / IP / DNS,Website search tool,https://www.aware-online.com/en/osint-tools/website-search-tool/
DOMAIN / IP / DNS,Wappalyzer,https://www.wappalyzer.com/lookup/
DOMAIN / IP / DNS,photon,https://pypi.org/project/photon/
DOMAIN / IP / DNS,Technology Lookup,https://osint.sh/stack/
DOMAIN / IP / DNS,BuiltWith Technology Lookup,https://builtwith.com/
DOMAIN / IP / DNS,NMAP Online,https://osint.sh/nmap/
DOMAIN / IP / DNS,Nmap Checker Tool,https://shadowcrypt.net/tools/nmap
DOMAIN / IP / DNS,Free online network tools,https://centralops.net/co/
DOMAIN / IP / DNS,Google Transparency Report,https://transparencyreport.google.com/https/certificates
DOMAIN / IP / DNS,Certificate Search,https://osint.sh/crt/
DOMAIN / IP / DNS,CRT,https://crt.sh/
DOMAIN / IP / DNS,LeakIX,https://leakix.net/
DOMAIN / IP / DNS,DomainWatch,https://domainwat.ch/
DOMAIN / IP / DNS,URL and website scanner,https://urlscan.io/
DOMAIN / IP / DNS,dnsdumpster,https://dnsdumpster.com/
DOMAIN / IP / DNS,Domain Codex,https://www.domaincodex.com/search.php
DOMAIN / IP / DNS,SimilarWeb,https://www.similarweb.com/
DOMAIN / IP / DNS,Alexa,https://www.alexa.com/siteinfo
DOMAIN / IP / DNS,Website Information,https://one-plus.github.io/WebsiteInformation
DOMAIN / IP / DNS,IP search - Network Entity Reputation Database,https://nerd.cesnet.cz/nerd/ips/
DOMAIN / IP / DNS,Reverse Domain,https://osint.sh/domain/
DOMAIN / IP / DNS,Poodle Check,https://osint.sh/poodle/
DOMAIN / IP / DNS,Heartbleed Check,https://osint.sh/heartbleed/
DOMAIN / IP / DNS,DNS History Lookup,https://osint.sh/dnshistory/
DOMAIN / IP / DNS,Subdomain Finder,https://osint.sh/subdomain/
DOMAIN / IP / DNS,Reverse IP Lookup,https://osint.sh/reverseip/
DOMAIN / IP / DNS,Reverse Google Adsense,https://osint.sh/adsense/
DOMAIN / IP / DNS,Reverse Google Analytics,https://osint.sh/analytics/
DOMAIN / IP / DNS,Reverse MX Record,https://osint.sh/reversemx/
DOMAIN / IP / DNS,IP GEO Location Lookup,https://osint.sh/ip/
DOMAIN / IP / DNS,IANA — Root Zone Database,https://www.iana.org/domains/root/db
DOMAIN / IP / DNS,Punkspider,https://punkspider.org/
DOMAIN / IP / DNS,metabigor,https://github.com/j3ssie/metabigor
DOMAIN / IP / DNS,Spyse,https://spyse.com/
DOMAIN / IP / DNS,Netlas.io,https://netlas.io/
MALWARE,Malpedia,https://malpedia.caad.fkie.fraunhofer.de/
MALWARE,Interactive Online Malware Analysis Sandbox,https://app.any.run/
MALWARE,Free Automated Malware Analysis Service,https://hybrid-analysis.com/
MALWARE,VirusTotal,https://www.virustotal.com/gui/
MALWARE,Maltiverse,https://maltiverse.com/search
MALWARE,Malware News Search,https://cse.google.com/cse?cx=003248445720253387346:turlh5vi4xc
MALWARE,AlienVault Open Threat Exchange,https://otx.alienvault.com/
MALWARE,Jotti's malware scan,https://virusscan.jotti.org/
MALWARE,IObit Cloud,https://cloud.iobit.com/index.php
MALWARE,theZoo,https://github.com/ytisf/theZoo
MALWARE,Vx-underground.org,https://vx-underground.org/
MALWARE,VX Heaven,https://vx-underground.org/archive/VxHeaven/index.html
MALWARE,aptnotes/data,https://github.com/aptnotes/data
MALWARE,exploit-database-papers,https://github.com/offensive-security/exploitdb-papers
MALWARE,exploitdb-bin-sploits,https://github.com/offensive-security/exploitdb-bin-sploits
IoT,Webcam Search Engine,https://cse.google.com/cse?cx=013991603413798772546:gjcdtyiytey#gsc.tab=0
IoT,Insecam,http://www.insecam.org/
IoT,Camhacker.com,https://www.camhacker.com/
IoT,EarthCam,https://www.earthcam.com/
IoT,Airport Webcams,https://airportwebcams.net/
IoT,The Webcam Network,http://www.the-webcam-network.com/
IoT,Default Router Login,https://www.cleancss.com/router-default/
IoT,Live Bar and Pub Webcams,http://gobefore.me/cams/
IoT,Webcams Abroad live images,https://www.webcamsabroad.com/
IoT,WEBCAM LIVE,https://www.whatsupcams.com/en/
IoT,city-webcams.com,https://city-webcams.com/
IoT,thingful,http://www.thingful.net/
IoT,Live World Webcam,http://liveworldwebcam.net/
IoT,Live Cams | Iplivecams,https://www.iplivecams.com/live-cams/
IoT,Webcamtaxi,https://www.webcamtaxi.com/en/
IoT,Explorecams.com,https://explorecams.com/
IoT,C4-cams,http://c4-cams.qwazwsx.xyz/c4-cams/
IoT,Nest Cam Directory,https://www.nestcamdirectory.com/
IoT,Opentopia,http://www.opentopia.com/
IoT,WorldCam,https://worldcam.eu/
IoT,Hawaii Traffic Cameras,http://goakamai.org/home
IoT,Honolulu Traffic Cams,http://www2.honolulu.gov/honolulumyway/?trafficcam
IoT,Lake County Fire Cameras,https://www.arcgis.com/apps/webappviewer/index.html?id=0f7aa08cc4b74fc6a0c4308d4eace6b3
IoT,VDOT Traffic Cams,https://www.arcgis.com/apps/dashboards/a0d3fb34cda44f5b8b10be1b245f24a3
IoT,Lubbock Live Traffic Cameras,https://www.arcgis.com/apps/webappviewer/index.html?id=affe50ac55824c7a8c757d3980787e31
IoT,Hong Kong Traffic Data & Cams,https://www.arcgis.com/apps/dashboards/47be6372a0434beaba99ae9c9f1d598d
IoT,Baton Rouge Traffic Cams,https://www.arcgis.com/apps/webappviewer/index.html?id=0ec05ffb0d2d4735a969e8f31f820a7b
IoT,Surveillance under Surveillance,https://sunders.uber.space/
IoT,Ukraine Live Cams,https://nagix.github.io/ukraine-livecams/#5.5/47.774/31.685/0/45
IoT,Fisgonia,http://www.fisgonia.com/
[CAN] IOT,511on.ca,https://511on.ca/
[CAN] IOT,Toronto area Live Traffic Cams,https://gtaupdate.com/traffic/
[CAN] IOT,Outage map,https://www.torontohydro.com/outage-map
[CAN] IOT,PlowTO,https://www.toronto.ca/services-payments/streets-parking-transportation/road-maintenance/winter-maintenance/plowto/
[CAN] IOT,tpscalls.live,https://www.tpscalls.live/
RADIO,Broadcastify,https://www.broadcastify.com/listen/
RADIO,Calls Node Status,https://www.broadcastify.com/calls/status/
RADIO,Free WiFi Search Engine,http://instabridge.com/free-wifi/
RADIO,RadioReference Scanner Frequencies and Radio Frequency Reference Database,https://www.radioreference.com/apps/db/
RADIO,"Feeds.talonvoice.com This a website transcribing scanner feeds to text in real-time, in response to recent events",https://feeds.talonvoice.com/
RADIO,Automated transcription for radio stations,https://sonix.ai/radio-stations
RADIO,Scanmap,https://scanmap.mobi/
RADIO,WiGLE: Wireless Network Mapping,https://wigle.net/
RADIO,Ham Radio QRZ Callsign Database Search,https://www.qrz.com/lookup
RADIO,Radio-Locator,https://radio-locator.com/
RADIO,Mozilla Location Service,https://location.services.mozilla.com/map#0.7/0/0
RADIO,RadioID Database,https://database.radioid.net/database/search#!
RADIO,Radio-Sherlock,http://dxmaps.com/search.html
RADIO,Rfsearch.com,http://rfsearch.com/
RADIO,Radiocells.org,https://radiocells.org/
RADIO,@murph_live,https://twitter.com/murph_live
RADIO,Wifispc.com,https://wifispc.com/
RADIO,Wiman,https://www.wiman.me/
REAL ESTATE,PrimeLocation,https://www.primelocation.com/
REAL ESTATE,Realtor,https://www.realtor.com/
REAL ESTATE,EMPORIS,https://www.emporis.com/
REAL ESTATE,rehold,https://rehold.com/
REAL ESTATE,Zillow,https://www.zillow.com/
REAL ESTATE,Zillow Canada,https://www.zillow.com/z/canada/canada-homes/
REAL ESTATE,Zoopla,https://www.zoopla.co.uk/
REAL ESTATE,homemetry,https://homemetry.com/
REAL ESTATE,Explore Canada's Real Estate Market,https://www.remax.ca/find-real-estate
REAL ESTATE,Onondaga County Home Sales,https://b2.caspio.com/dp.asp?AppKey=18321000d7j6h9j6c1i4e8f0i5a9
MAPS,Google Maps,https://www.google.com/maps
MAPS,Bing Maps,https://www.bing.com/maps
MAPS,Yandex.Maps,https://yandex.com/maps/
MAPS,Generate a panorama,https://www.udeuschle.de/panoramas/makepanoramas_en.htm
MAPS,Mapillary,https://www.mapillary.com/app/
MAPS,Geonarra.com,https://www.geonarra.com/
MAPS,Waze,https://www.waze.com/live-map
MAPS,百度地图,https://map.baidu.com/
MAPS,DigitalGlobe,https://discover.digitalglobe.com/
MAPS,MapQuest,https://www.mapquest.com/
MAPS,OpenStreetMap,https://www.openstreetmap.org/
MAPS,Maps.descarteslabs.com,https://maps.descarteslabs.com/
MAPS,ArcGIS Wildfire Map,https://www.arcgis.com/home/webmap/viewer.html?webmap=df8bcc10430f48878b01c96e907a1fc3#!
MAPS,Living Atlas of the World | ArcGIS,https://livingatlas.arcgis.com/en/browse/
MAPS,FIRMS,https://firms.modaps.eosdis.nasa.gov/map/
MAPS,COVID-19 Map,https://coronavirus.jhu.edu/map.html
MAPS,Ukraine Interactive map,https://liveuamap.com/
MAPS,Satellites.pro,https://satellites.pro/
MAPS,Military bases around the world. - uMap,https://umap.openstreetmap.fr/en/map/military-bases-around-the-world_510207
MAPS,Wikimapia,http://wikimapia.org/
MAPS,Map of Syrian Civil War,https://syria.liveuamap.com/
MAPS,Radio Garden,http://radio.garden/search
MAPS,Windy,https://www.windy.com/-Webcams/webcams
MAPS,Gpx File Editor,https://gpx.studio/
MAPS,OALLEY,https://www.oalley.net/app/
MAPS,fgdc_gp_demos's public fiddles,https://jsfiddle.net/user/fgdc_gp_demos/fiddles/
MAPS,KartaView,https://kartaview.org/map/
MAPS,Google Map Search Engine,https://cse.google.com/cse?cx=013991603413798772546:mofb1uoaebi
MAPS,Power Plants in the United States,https://www.arcgis.com/apps/dashboards/201fc98c0d74482d8b3acb0c4cc47f16
MAPS,UK Onshore Oil and Gas Activity,https://www.arcgis.com/apps/webappviewer/index.html?id=29c31fa4b00248418e545d222e57ddaa
MAPS,Walmart Store Status,https://www.arcgis.com/apps/dashboards/4e573c79e1224081805165d25b4f33c7
MAPS,MODIS Wildfire,https://www.arcgis.com/apps/dashboards/bf5df3a49a624521844a2e5e1ec7df05
MAPS,Earthquake Watch,https://www.arcgis.com/apps/dashboards/c8af9c5411814584b460cc87cb7c3780
MAPS,InciWeb,https://inciweb.nwcg.gov/
MAPS,Earth,https://earth.nullschool.net/#current
MAPS,US Labor Strike Map,https://www.google.com/maps/d/viewer?mid=1hE1nDR-Ff_sVgOS67IteJSxGZlvqIP3k
MAPS,Active Agency Map,https://www.google.com/maps/d/viewer?mid=1eYVDPh5itXq5acDT9b0BVeQwmESBa4cB
MAPS,Ontario GiveSendGo Donors,https://www.google.com/maps/d/viewer?mid=1heAgrb9bDuk287yqseyvhZ7-U_kz64hM
MAPS,Live-action-map.com,https://www.live-action-map.com/
MAPS,"awesome-maps-ukraine A curated list of maps of Ukraine, ukrainian mappers and tools that they use or develop for creating and publish maps.",https://github.com/Symbian9/awesome-maps-ukraine
MAPS,Допомога,https://dopomoha.pl
MAPS,Ukraine Live Cams,https://nagix.github.io/ukraine-livecams
MAPS,Ukraine War Map/Heatmap,https://ruarq.github.io/ukraine-war-heatmap
MAPS,Live map of London Underground trains,https://traintimes.org.uk/map/tube/
MAPS,Livecorona.co.kr,https://livecorona.co.kr
MAPS,TfL JamCams,https://www.tfljamcams.net
MAPS,Cesium Stories,https://cesium.com/ion/stories/viewer/?id=8be6f99c-0d4c-46ce-91a3-313e3cac62fe
GEO,GEOINT,https://start.me/p/W1kDAj/geoint
GEO,GeoNames,https://www.geonames.org/
GEO,Geoseer.net,https://www.geoseer.net/
GEO,GeoINT Search,https://cse.google.com/cse?cx=015328649639895072395:sbv3zyxzmji#gsc.tab=0
GEO,GeoIP Tracker tool,https://shadowcrypt.net/tools/geoip
GEO,Earth Engine Dataset,https://developers.google.com/earth-engine/datasets/
GEO,GeoPlatform Portal,https://www.geoplatform.gov/
GEO,Inspire-geoportal.eu,http://www.inspire-geoportal.eu/
GEO,FAO Map Catalog,https://data.apps.fao.org/map/catalog/srv/eng/catalog.search#/home
GEO,Datacore-gn.unepgrid.ch,https://datacore-gn.unepgrid.ch/
GEO,ISRIC Data Hub,https://data.isric.org/geonetwork/srv/eng/catalog.search#/home
GEO,geocreepy,http://www.geocreepy.com/
GEO,US Crisis Monitor,https://acleddata.com/special-projects/us-crisis-monitor/
GEO,Toronto Live,https://apps.esri.ca/torontolive/
GEO,Residential Fire Fatalities in Indiana,https://www.arcgis.com/apps/dashboards/4d1289ab105145a1b1f80c1ad3cf19fb
GEO,geoprotests API,https://rapidapi.com/gisfromscratch/api/geoprotests/
GEO,geoint-py A bunch of geospatial intelligence workflows implemented using Python.,https://github.com/gisfromscratch/geoint-py
GEO,geoclustering,https://pypi.org/project/geoclustering/
CRYPTOCURRENCY,Cryptocurrency Alerting,https://cryptocurrencyalerting.com/
CRYPTOCURRENCY,Bitcoin Explorer,https://blockchair.com/bitcoin
CRYPTOCURRENCY,Ethereum Block Explorer,https://etherscan.io/
CRYPTOCURRENCY,Flowscan.org,https://flowscan.org/
CRYPTOCURRENCY,Bitcoin Forums Search Engine,https://cse.google.com/cse?cx=f49f9d5e679b15787
CRYPTOCURRENCY,Blockchain Explorer,https://www.blockchain.com/explorer
CRYPTOCURRENCY,Blockcypher,https://live.blockcypher.com/
CRYPTOCURRENCY,Addresschecker.eu,http://addresschecker.eu/
CRYPTOCURRENCY,Coinwink.com,https://coinwink.com/
CRYPTOCURRENCY,Cryptocurrency search tool,https://www.aware-online.com/en/osint-tools/cryptocurrency-search-tool/
CRYPTOCURRENCY,OSINT cryptocurrencies,https://www.aware-online.com/en/osint-tools/cryptocurrency-tools/
DARKNET,Dark Tracer,https://darktracer.io/
DARKNET,ransomwatch 👀 🦅,https://ransomwatch.telemetry.ltd/#/INDEX
DARKNET,Ransomware Darknet websites,https://sizeof.cat/post/ransomware-darknet-websites/
DARKNET,Ahmia — Search Tor Hidden Services,https://ahmia.fi/
DARKNET,Onion search engine,https://onionengine.com/
DARKNET,onionsearch,https://pypi.org/project/onionsearch/
DARKNET,Tor2Web: Tor Hidden Services Gateway,https://tor2web.onionsearchengine.com/
DARKNET,Ransomware Group Sites,http://ransomwr3tsydeii4q43vazm7wofla5ujdajquitomtd47cxjtfgwyyd.onion.pet
DARKNET,Blockpath.com,https://blockpath.com/
DARKNET,LinkBaseORG,https://link-base.org/
DARKNET,Onions - Darknetlive,https://darknetlive.com/onions/
DARKNET,Darknet Market List,https://darknetlive.com/markets/
DARKNET,Darkweb Forums,https://darknetlive.com/forums/
DARKNET,Raklet Accurately fast search engine,http://iwr4usy33opfclmbyemzbmnwwnmmqpqltezpac7fyqqkdv3mabtm6kqd.onion.pet/
DARKNET,Tool | path,https://learnmeabitcoin.com/tools/path/
DATA DUMP,BreachDirectory,https://breachdirectory.org/
DATA DUMP,Have I been pwned,https://haveibeenpwned.com/
DATA DUMP,DeepSearch,http://xjypo5vzgmo7jca6b322dnqbsdnp3amd24ybx26x5nxbusccjkm4pwid.onion.pet/
DATA DUMP,Personal Data Leak Checker,https://cybernews.com/personal-data-leak-check/
DATA DUMP,Intelligence X,https://intelx.io/
DATA DUMP,DDoSecrets,https://ddosecrets.com/wiki/Special:AllPages
DATA DUMP,Scylla.so,https://scylla.so/
DATA DUMP,Leakedpassword.com,https://leakedpassword.com/
DATA DUMP,"DeHashed Have you been compromised? DeHashed provides free deep-web scans and protection against credential leaks. A modern personal asset search engine created for security analysts, journalists, security ...",https://dehashed.com/
DATA DUMP,Snusbase,https://www.snusbase.com/
DATA DUMP,Leaked.site,https://www.leaked.site/
DATA DUMP,Ashley Madison hacked email checker,https://ashley.cynic.al/
DATA DUMP,Search Ashley Madison Leaked Data,http://checkashleymadison.com/
DATA DUMP,Sony Archives,https://wikileaks.org/sony/emails/
DATA DUMP,qoob's datasets,https://qoob.keybase.pub/
DATA DUMP,Facebook Data Breach Checker,https://haveibeenzuckered.com/
VOTER DATABASES,Search for US Voters with Custom Search Engines #OSINT | Boolean Strings,https://booleanstrings.com/2021/07/15/search-for-us-voters-with-custom-search-engines-osint/
VOTER DATABASES,Washington State Voter Database,http://www.soundpolitics.com/voterlookup.html
VOTER DATABASES,Arkvoters.com,https://arkvoters.com/
VOTER DATABASES,Coloradovoters.info,https://coloradovoters.info/
VOTER DATABASES,Delawarevoters.info,http://delawarevoters.info/
VOTER DATABASES,Flvoters.com,https://flvoters.com/
VOTER DATABASES,Georgia-voters.com,https://georgia-voters.com/
VOTER DATABASES,Connvoters.com,https://connvoters.com/
VOTER DATABASES,Michiganvoters.info,https://michiganvoters.info/
VOTER DATABASES,Ohiovoters.us,http://ohiovoters.us/
VOTER DATABASES,Oklavoters.com,http://oklavoters.com/
VOTER DATABASES,Rivoters.com,https://rivoters.com/
VOTER DATABASES,Wiscvoters.com,https://wiscvoters.com/
VOTER DATABASES,Utvoters.com,http://utvoters.com/
VOTER DATABASES,Oklahoma Voters Search,http://oklahomadata.com/voters.asp
VOTER DATABASES,New Jersey Voter Records,https://stevemorse.org/njvoters/njvoters.html
VOTER DATABASES,New York State Voter Records,https://stevemorse.org/nysvoters/nysvoters.html
EXTREMIST / FAR-RIGHT,Unicorn Riot: Discord Leaks,https://discordleaks.unicornriot.ninja/discord/
EXTREMIST / FAR-RIGHT,Data | DDoSecrets Search,https://search.ddosecrets.com/data/
EXTREMIST / FAR-RIGHT,Parler Archive Search,https://parler.adatascienti.st/research
EXTREMIST / FAR-RIGHT,Parler Capitol Videos,https://projects.propublica.org/parler-capitol-videos/
EXTREMIST / FAR-RIGHT,Project Whispers,https://whispers.ddosecrets.com/
EXTREMIST / FAR-RIGHT,4chansearch.org,https://4chansearch.org/
EXTREMIST / FAR-RIGHT,archived.moe,https://archived.moe/
EXTREMIST / FAR-RIGHT,8chan/8kun QResearch Board Search,https://qresear.ch/
EXTREMIST / FAR-RIGHT,Extremist Profiles,https://www.splcenter.org/fighting-hate/extremist-files/individual
EXTREMIST / FAR-RIGHT,Extremist Groups,https://www.splcenter.org/fighting-hate/extremist-files/groups
EXTREMIST / FAR-RIGHT,Database of suspected terrorists,https://www.nsatt.org/
EXTREMIST / FAR-RIGHT,TSA No-Fly List,https://www.no-fly-list.com/
EXTREMIST / FAR-RIGHT,Terrorism Incidents Database,http://smapp.rand.org/rwtid/search_form.php
EXTREMIST / FAR-RIGHT,Global Terrorism Database,https://www.start.umd.edu/gtd/access/
EXTREMIST / FAR-RIGHT,Sanctions List Search,https://sanctionssearch.ofac.treas.gov/
EXTREMIST / FAR-RIGHT,Trump Twitter Archive,https://www.thetrumparchive.com/
EXTREMIST / FAR-RIGHT,OFAC Sanctioned Search Engine,https://cse.google.com/cse?cx=e96467889fb82b9b0
EXTREMIST / FAR-RIGHT,INFORMNAPALM Database of Russian Aggression,https://informnapalm.org/db/russian-aggression/#lang=en&page=m_unit
EXTREMIST / FAR-RIGHT,gogettr,https://pypi.org/project/gogettr/
EXTREMIST / FAR-RIGHT,GUTTR GETTR API client library written in Python,https://github.com/VVX7/GUTTR
EXTREMIST / FAR-RIGHT,FBI Most Wanted Search Engine,https://cse.google.com/cse?cx=1ee952e6584aa91f9
EXTREMIST / FAR-RIGHT,Interpol Most Wanted Search Engine,https://cse.google.com/cse?cx=b1746754c83012613
EXTREMIST / FAR-RIGHT,Europol Most Wanted Search Engine,https://cse.google.com/cse?cx=f08e8dc2172da1ba8
EXTREMIST / FAR-RIGHT,Ironmarch.exposed,https://www.ironmarch.exposed/
FINANCE,Greylist Trace,https://greylisttrace.com/
FINANCE,analytics-engine An environment of open source services used for market analysis,https://github.com/mashiox/analytics-engine
FINANCE,Tradint Research Tool,https://tradint.io/
FINANCE,CoVi Analytics,https://www.covianalytics.com/
FINANCE,Ppp.adatascienti.st,https://ppp.adatascienti.st/
FINANCE,Search Our PPP Loan Database,https://ppp.directory/search
FINANCE,TMX,https://www.m-x.ca/en/trading/data/quotes?symbol=
FINANCE,TMX TSX,https://www.tsx.com/listings/listing-with-us/listed-company-directory
FINANCE,Search for Investment Fund Documents,https://www.sedar.com/search/search_form_mf_en.htm
